Name,Span,Team,OtherTeam,SR,BowlingStyle,Runs,HS,Bat Av,100,Wkts,BBI,Bowl Av,5,Ct,St,Ave Diff
Adnan Rasool,2016-2016,Islamabad United,Lahore Lions,80.0,Offbreak,66,41*,9.42,0,45,4/21,21.46,0,7.0,0.0,-12.03
Azhar Ali,2016-2016,Islamabad United,Lahore Qalandars,106.4,Legbreak,985,72,21.88,0,15,3/10,18.86,0,24.0,0.0,3.02
BAW Mendis,2016-2016,Islamabad United,Sri Lanka,67.6,Offbreak,214,27*,6.68,0,170,6/8,19.00,2,29.0,0.0,-12.31
CH Gayle,2016-2016,Islamabad United,West Indies,144.1,Offbreak,14562,175*,36.22,22,83,4/22,31.54,0,104.0,0.0,4.68
CS Delport,2016-2018,Islamabad United,Sydney Thunder,139.5,Medium,6290,129,25.05,5,71,4/17,29.45,0,88.0,0.0,-4.39
DJ Bravo,2016-2016,Islamabad United,West Indies,126.3,Medium,6970,70*,22.33,0,631,5/23,24.40,2,275.0,0.0,-2.06
Ehsan Adil,2016-2016,Islamabad United,Faisalabad Wolves,85.7,Fast,120,18,7.05,0,94,4/28,23.58,0,16.0,0.0,-16.52
Hammad Azam,2016-2016,Islamabad United,Pakistan,97.6,Medium,1438,66,21.14,0,75,4/12,24.29,0,31.0,0.0,-3.14
KK Cooper,2016-2016,Islamabad United,Chittagong Kings,143.3,Medium,753,42*,12.76,0,195,5/15,20.07,1,57.0,0.0,-7.30
Mohammad Rizwan,2016-2017,Islamabad United,Pakistan,126.4,,8648,110*,43.24,3,1,1/22,22.00,0,190.0,50.0,21.24
Naved Yasin,2016-2016,Islamabad United,Lahore Qalandars,81.8,Orthodox,1227,69*,29.92,0,6,4/17,21.83,0,20.0,0.0,8.09
Sohaib Maqsood,2016-2016,Islamabad United,Pakistan,124.1,Offbreak,3928,88*,27.46,0,6,3/23,42.50,0,42.0,0.0,-15.03
Umar Akmal,2016-2018,Islamabad United,Pakistan,128.3,,5839,115*,28.20,1,1,1/36,36.00,0,165.0,13.0,-7.79
Zafar Gohar,2016-2016,Islamabad United,Lahore Qalandars,100.0,Orthodox,386,37*,13.31,0,88,4/14,25.05,0,23.0,0.0,-11.74
Zia-ul-Haq,2016-2016,Islamabad United,Texas Super Kings,50.0,Medium,28,12,4.66,0,56,5/23,28.33,1,12.0,0.0,-23.67
Zohaib Khan,2016-2016,Islamabad United,Lahore Qalandars,138.5,Orthodox,515,43*,14.71,0,61,4/11,28.52,0,26.0,0.0,-13.81
Aamer Yamin,2017-2018,Islamabad United,Pakistan,137.7,Medium,1205,52,17.72,0,105,4/5,30.43,0,37.0,0.0,-12.71
BB McCullum,2017-2018,Islamabad United,New Zealand,135.1,Medium,9922,158*,29.97,7,0,-,-,0,153.0,14.0,-
Bilawal Bhatti,2017-2017,Islamabad United,Pakistan,104.9,Medium,337,38,11.23,0,73,4/23,29.50,0,27.0,0.0,-18.27
Fakhar Zaman,2017-2025,Islamabad United,Pakistan,134.9,Orthodox,8017,115,28.53,3,4,1/3,40.50,0,135.0,0.0,-11.96
GD Elliott,2017-2017,Islamabad United,New Zealand,119.7,Medium,2209,70,22.77,0,112,4/15,23.94,0,54.0,0.0,-1.17
Ghulam Mudassar,2017-2017,Islamabad United,Sylhet Sixers,33.3,Medium,2,1*,0.50,0,26,3/6,32.65,0,1.0,0.0,-32.15
JJ Roy,2017-2017,Islamabad United,England,140.0,,10554,145*,27.20,6,1,1/23,39.00,0,202.0,0.0,-11.79
Mohammad Irfan,2017-2017,Islamabad United,Pakistan,48.8,Fast,,,,,,,,,,,
SP Narine,2017-2018,Islamabad United,West Indies,148.8,Offbreak,4654,109,15.51,1,599,5/19,22.04,1,128.0,0.0,-6.52
Sohail Tanvir,2017-2017,Islamabad United,Pakistan,115.3,Medium,2703,74*,16.78,0,389,6/14,26.36,2,73.0,0.0,-9.57
Yasir Shah,2017-2019,Islamabad United,Pakistan,91.1,Legbreak,463,44,8.73,0,134,4/7,29.45,0,47.0,0.0,-20.71
AP Devcich,2018-2019,Islamabad United,New Zealand,142.1,Orthodox,3387,102,25.08,1,74,4/12,26.62,0,56.0,0.0,-1.53
Agha Salman,2018-2021,Islamabad United,Pakistan,116.5,Offbreak,1800,68*,21.42,0,45,5/10,23.20,1,36.0,0.0,-1.77
Bilal Asif,2018-2018,Islamabad United,Lahore Qalandars,,Offbreak,513,114,18.32,1,54,3/11,23.46,0,21.0,0.0,-5.14
D Ramdin,2018-2018,Islamabad United,West Indies,115.5,,2956,84,23.27,0,-,-,-,-,150.0,49.0,-
Gulraiz Sadaf,2018-2018,Islamabad United,,0,,770,71*,20.26,0,-,-,-,-,34.0,13.0,-
Imran Khan,2018-2018,Islamabad United,Portugal,87.5,Medium,,,,,,,,,,,
KJ Abbott,2018-2018,Islamabad United,South Africa,121.1,Medium,324,30,13.50,0,157,5/14,28.56,1,33.0,0.0,-15.06
MJ McClenaghan,2018-2018,Islamabad United,New Zealand,111.4,Medium,271,20,6.30,0,241,5/29,25.60,1,34.0,0.0,-19.30
Mustafizur Rahman,2018-2018,Islamabad United,Bangladesh,71.4,Medium,196,21*,5.93,0,372,6/10,21.29,4,58.0,0.0,-15.35
Raza Hasan,2018-2018,Islamabad United,Pakistan,69.2,Orthodox,83,19,9.22,0,90,4/21,19.61,0,18.0,0.0,-10.38
Salman Irshad,2018-2020,Islamabad United,Dhaka Dominators,68.6,Medium,55,8*,4.58,0,96,4/27,27.55,0,9.0,0.0,-22.96
Shaheen Shah Afridi,2018-2025,Islamabad United,Pakistan,132.7,Medium,,,,,,,,,,,
Sohail Akhtar,2018-2022,Islamabad United,Lahore Qalandars,123.2,Medium,1747,100,27.29,1,5,2/38,63.60,0,29.0,0.0,-36.30
Sohail Khan,2018-2018,Islamabad United,Pakistan,96.1,Medium,675,45*,13.50,0,182,5/10,23.65,2,18.0,0.0,-10.15
AB de Villiers,2019-2019,Islamabad United,South Africa,149.4,Medium,9424,133*,37.24,4,-,-,-,-,230.0,18.0,-
Aizaz Cheema,2019-2019,Islamabad United,Pakistan,40.0,Medium,29,6*,7.25,0,121,4/17,20.85,0,12.0,0.0,-13.60
BRM Taylor,2019-2019,Islamabad United,Zimbabwe,121.3,Offbreak,3946,140*,26.66,2,8,3/38,19.00,0,68.0,14.0,7.66
CJ Anderson,2019-2019,Islamabad United,New Zealand,131.0,Medium,3244,95*,24.20,0,46,2/10,34.06,0,62.0,0.0,-9.85
CR Brathwaite,2019-2024,Islamabad United,West Indies,136.0,Medium,2385,64*,15.69,0,248,4/14,25.75,0,108.0,0.0,-10.05
D Wiese,2019-2025,Islamabad United,South Africa,141.5,Medium,4519,79*,22.59,0,334,5/19,26.24,7,154.0,0.0,-3.65
DAS Gunaratne,2019-2019,Islamabad United,Sri Lanka,124.9,Medium,1683,87*,26.71,0,62,5/10,24.19,1,43.0,0.0,2.52
GC Viljoen,2019-2019,Islamabad United,Chittagong Vikings,122.4,Medium,953,44,14.66,0,189,5/16,25.56,1,30.0,0.0,-10.90
Gauhar Ali,2019-2019,Islamabad United,Lahore Qalandars,136.4,,419,70,13.51,0,-,-,-,-,23.0,7.0,-
Haris Rauf,2019-2025,Islamabad United,Pakistan,108.8,Fast,393,34*,8.18,0,334,5/27,22.26,1,68.0,0.0,-14.07
Haris Sohail,2019-2019,Islamabad United,Pakistan,95.6,Orthodox,2221,69*,28.84,0,9,2/10,22.77,0,41.0,0.0,6.06
Hassan Khan,2019-2019,Islamabad United,Germany,141.7,Orthodox,963,57,19.65,0,63,4/30,31.19,0,42.0,0.0,-11.53
MH Wessels,2019-2019,Islamabad United,Sydney Sixers,135.0,,5684,110,28.85,1,-,-,-,-,96.0,16.0,-
Mohammad Hafeez,2019-2022,Islamabad United,Pakistan,116.7,Offbreak,7946,102*,25.79,2,202,4/10,24.00,0,111.0,0.0,1.78
RN ten Doeschate,2019-2019,Islamabad United,Netherlands,134.4,Medium,7597,121*,29.33,2,114,4/24,25.63,0,134.0,0.0,3.70
Rahat Ali,2019-2019,Islamabad United,Czech Republic,81.1,Medium,,,,,,,,,,,
S Lamichhane,2019-2019,Islamabad United,World-XI,87.7,Legbreak,142,16*,6.76,0,225,5/9,16.90,1,35.0,0.0,-10.14
Saad Ali,2019-2019,Islamabad United,Lahore Qalandars,88.9,Medium,333,57*,30.27,0,-,-,-,-,6.0,0.0,-
Salman Butt,2019-2020,Islamabad United,Pakistan,109.1,Offbreak,2349,99*,35.05,0,5,2/25,28.20,0,18.0,0.0,6.85
Umair Masood,2019-2019,Islamabad United,Lahore Qalandars,78.6,,87,24,9.66,0,-,-,-,-,4.0,5.0,-
BR Dunk,2020-2022,Islamabad United,Australia,128.9,,3708,99*,23.32,0,3,1/19,39.33,0,99.0,10.0,-16.01
CA Lynn,2020-2020,Islamabad United,Australia,143.8,Orthodox,8526,113*,32.91,6,3,2/15,31.00,0,72.0,0.0,1.91
DJ Vilas,2020-2020,Islamabad United,Cape Cobras,131.4,,4235,75*,28.04,0,-,-,-,-,116.0,30.0,-
Dilbar Hussain,2020-2023,Islamabad United,Melbourne Stars,100.0,Medium,37,13*,18.50,0,22,4/24,24.54,0,4.0,0.0,-6.04
Maaz Khan,2020-2020,Islamabad United,Lesotho,145.9,Legbreak,406,68*,19.33,0,2,2/24,44.50,0,5.0,0.0,-25.16
Muhammad Faizan,2020-2021,Islamabad United,Lahore Qalandars,84.4,Medium,424,76*,18.43,0,12,2/18,25.66,0,5.0,0.0,-7.23
Raja Farzan,2020-2020,Islamabad United,Lahore Qalandars,,Legbreak,17,10*,17.00,0,9,4/24,17.11,0,0.0,0.0,-0.11
S Prasanna,2020-2020,Islamabad United,Sri Lanka,139.7,Legbreak,2238,76*,17.08,0,173,4/19,24.57,0,68.0,0.0,-7.48
SR Patel,2020-2022,Islamabad United,England,125.8,Orthodox,6939,90*,24.60,0,364,4/5,26.54,0,118.0,0.0,-1.93
Tamim Iqbal,2020-2020,Islamabad United,Bangladesh,120.2,Offbreak,8283,141*,32.86,4,0,-,-,0,85.0,0.0,-
Usman Shinwari,2020-2020,Islamabad United,Pakistan,100.0,Medium,153,36*,10.92,0,128,5/9,25.13,2,26.0,0.0,-14.20
Ahmed Daniyal,2021-2021,Islamabad United,Pakistan,110.6,Medium,82,24,10.25,0,39,4/28,29.76,0,8.0,0.0,-19.51
JL Denly,2021-2021,Islamabad United,England,127.4,Legbreak,7107,127,27.02,5,53,4/19,27.22,0,111.0,0.0,-0.20
JP Faulkner,2021-2021,Islamabad United,Australia,126.6,Medium,1953,73,21.46,0,262,5/16,22.80,3,69.0,0.0,-1.33
Rashid Khan,2021-2023,Islamabad United,Afghanistan,142.2,Legbreak,2773,79*,13.93,0,672,6/17,18.46,4,173.0,0.0,-4.53
Salman Mirza,2021-2025,Islamabad United,Pakistan,88.9,Medium,41,16*,5.85,0,47,4/11,15.08,0,4.0,0.0,-9.22
TH David,2021-2021,Islamabad United,Singapore,161.9,Offbreak,5833,102*,30.86,1,15,1/0,64.06,0,170.0,0.0,-33.20
Zeeshan Ashraf,2021-2022,Islamabad United,Multan Sultans,125.6,Offbreak,1147,73,17.64,0,-,-,-,-,25.0,4.0,-
Abdullah Shafique,2022-2025,Islamabad United,Pakistan,140.5,Offbreak,2074,102*,30.05,1,-,-,-,-,26.0,0.0,-
D Foxcroft,2022-2022,Islamabad United,New Zealand,124.7,Offbreak,1429,82*,35.72,0,24,5/11,28.29,1,25.0,0.0,7.43
Fawad Ahmed,2022-2022,Islamabad United,Australia,75.4,Legbreak,86,19,5.73,0,172,4/14,24.75,0,22.0,0.0,-19.02
HC Brook,2022-2022,Islamabad United,England,150.4,Medium,3792,105*,33.26,3,1,1/13,26.00,0,94.0,0.0,7.26
Kamran Ghulam,2022-2024,Islamabad United,Islamabad United,123.5,Orthodox,1834,110*,30.06,1,35,4/11,22.65,0,23.0,0.0,7.40
PD Salt,2022-2022,Islamabad United,England,155.9,Offbreak,7763,141*,28.12,4,-,-,-,-,165.0,14.0,-
Zaman Khan,2022-2025,Islamabad United,Pakistan,74.0,Medium,75,9*,7.50,0,132,4/16,24.53,0,23.0,0.0,-17.03
Ahsan Hafeez,2023-2024,Islamabad United,Lahore Qalandars,140.0,Orthodox,66,20,9.42,0,6,2/18,24.50,0,2.0,0.0,-15.07
Hussain Talat,2023-2023,Islamabad United,Pakistan,121.2,Medium,3895,101*,30.66,1,80,4/14,25.48,0,38.0,0.0,5.18
LA Dawson,2023-2023,Islamabad United,England,121.4,Orthodox,2888,82,17.60,0,269,5/17,25.47,1,125.0,0.0,-7.86
Mirza Baig,2023-2024,Islamabad United,Pakistan,121.1,,833,77,26.87,0,1,1/37,61.00,0,6.0,0.0,-34.12
S Dadswell,2023-2023,Islamabad United,Lahore Qalandars,95.5,Medium,759,98*,21.68,0,12,2/25,33.33,0,17.0,0.0,-11.64
SD Hope,2023-2024,Islamabad United,West Indies,129.2,,4939,106,30.48,3,-,-,-,-,88.0,15.0,-
SW Billings,2023-2025,Islamabad United,England,134.3,,7238,106,24.04,1,-,-,-,-,237.0,32.0,-
Shawaiz Irfan,2023-2023,Islamabad United,Lahore Qalandars,0.0,,40,14*,20.00,0,-,-,-,-,3.0,2.0,-
Sikandar Raza,2023-2025,Islamabad United,Zimbabwe,136.3,Offbreak,6298,133*,25.81,1,196,5/18,27.12,1,133.0,0.0,-1.31
GF Linde,2024-2024,Islamabad United,South Africa,139.5,Orthodox,2417,66*,19.49,0,194,4/19,26.33,0,58.0,0.0,-6.84
HE van der Dussen,2024-2024,Islamabad United,South Africa,130.3,Legbreak,6773,112*,36.80,5,3,2/15,18.33,0,72.0,0.0,18.47
Jahandad Khan,2024-2025,Islamabad United,Pakistan,150.0,Medium,249,45*,15.56,0,38,3/9,27.28,0,6.0,0.0,-11.72
LJ Tucker,2024-2024,Islamabad United,Ireland,123.2,,2537,94*,23.06,0,-,-,-,-,98.0,23.0,-
Mohammad Imran,2024-2024,Islamabad United,Fortune Barishal,50.0,Medium,39,13,4.33,0,79,6/16,23.29,1,10.0,0.0,-18.95
Sahibzada Farhan,2024-2024,Islamabad United,Pakistan,129.6,,3950,162*,33.76,6,-,-,-,-,61.0,2.0,-
Salman Fayyaz,2024-2024,Islamabad United,Lahore Qalandars,166.7,Legbreak,10,8,10.00,0,2,1/23,30.50,0,2.0,0.0,-20.49
Tayyab Abbas,2024-2024,Islamabad United,Lahore Qalandars,,Medium,,,,,,,,,,,
Asif Afridi,2025-2025,Islamabad United,Lahore Qalandars,73.0,Orthodox,513,54,14.65,0,78,5/26,23.20,1,20.0,0.0,-8.54
Asif Ali,2025-2025,Islamabad United,Pakistan,141.9,Medium,4737,100,22.03,1,4,2/27,13.25,0,120.0,0.0,8.78
DJ Mitchell,2025-2025,Islamabad United,New Zealand,138.2,Medium,5330,88*,30.98,0,83,4/32,25.53,0,129.0,0.0,5.45
MDKJ Perera,2025-2025,Islamabad United,Sri Lanka,137.4,,,,,,,,,,,,
Mohammad Azab,2025-2025,Islamabad United,Lahore Qalandars,0.0,,11330,122,43.07,11,4,2/20,21.25,0,147.0,0.0,21.82
Mohammad Naeem,2025-2025,Islamabad United,,0,,0,0*,0.00,0,6,5/31,26.33,1,0.0,0.0,-26.33
Muhammad Akhlaq,2025-2025,Islamabad United,Lahore Qalandars,134.2,Medium,1037,62,20.33,0,-,-,-,-,30.0,9.0,-
PBB Rajapaksa,2025-2025,Islamabad United,Sri Lanka,137.2,Medium,4176,100,22.81,1,28,3/11,18.42,0,62.0,1.0,4.39
Rishad Hossain,2025-2025,Islamabad United,Bangladesh,133.9,Legbreak,336,53,10.50,0,90,4/22,22.44,0,44.0,0.0,-11.94
Shakib Al Hasan,2025-2025,Islamabad United,Bangladesh,126.2,Orthodox,,,,,,,,,,,
TK Curran,2025-2025,Islamabad United,England,143.5,Medium,2396,67*,21.58,0,255,4/15,25.52,0,66.0,0.0,-3.93
AD Russell,2016-2018,Karachi Kings,West Indies,167.6,Fast,9449,121*,26.32,2,496,5/15,25.87,1,238.0,0.0,0.44
Ashar Zaidi,2016-2016,Karachi Kings,Comilla Victorians,138.3,Orthodox,1065,59*,24.76,0,40,4/11,26.37,0,17.0,0.0,-1.60
Asif Ali,2016-2023,Karachi Kings,Pakistan,141.9,Medium,4737,100,22.03,1,4,2/27,13.25,0,120.0,0.0,8.78
Azhar Mahmood,2016-2016,Karachi Kings,Sydney Thunder,131.0,Medium,,,,,,,,,,,
BJ Haddin,2016-2017,Karachi Kings,Australia,128.1,,,,,,,,,,,,
Babar Azam,2016-2016,Karachi Kings,Pakistan,128.7,Offbreak,11330,122,43.07,11,4,2/20,21.25,0,147.0,0.0,21.82
DR Smith,2016-2017,Karachi Kings,West Indies,126.3,Medium,7870,110*,26.23,5,110,4/8,27.99,0,141.0,0.0,-1.75
Imran Khalid,2016-2017,Karachi Kings,Faisalabad Wolves,91.4,Orthodox,611,48,14.20,0,88,4/20,23.10,0,26.0,0.0,-8.89
Kamran Ghulam,2016-2016,Karachi Kings,Islamabad United,123.5,Orthodox,1834,110*,30.06,1,35,4/11,22.65,0,23.0,0.0,7.40
Khalid Latif,2016-2016,Karachi Kings,Pakistan,109.0,Offbreak,2469,88,25.19,0,2,2/11,20.00,0,34.0,0.0,5.19
Misbah-ul-Haq,2016-2018,Karachi Kings,Pakistan,112.3,Legbreak,3491,107*,33.89,1,-,-,-,-,65.0,0.0,-
Mohammad Irfan,2016-2017,Karachi Kings,Pakistan,48.8,Fast,,,,,,,,,,,
Mohammad Sami,2016-2019,Karachi Kings,Pakistan,105.4,Fast,1,1,1.00,0,1,1/23,23.00,0,0.0,0.0,-21.99
Rumman Raees,2016-2024,Karachi Kings,Pakistan,94.7,Medium,180,25*,9.47,0,131,4/25,24.61,0,41.0,0.0,-15.14
S Badree,2016-2017,Karachi Kings,West Indies,80.6,Legbreak,,,,,,,,,,,
SR Watson,2016-2017,Karachi Kings,Australia,138.3,Medium,8821,124*,29.30,6,216,4/15,27.02,0,101.0,0.0,2.27
SW Billings,2016-2017,Karachi Kings,England,134.3,,7238,106,24.04,1,-,-,-,-,237.0,32.0,-
Saeed Ajmal,2016-2017,Karachi Kings,Pakistan,116.4,Offbreak,240,21*,8.00,0,271,4/14,17.36,0,31.0,0.0,-9.36
Sharjeel Khan,2016-2017,Karachi Kings,Pakistan,136.6,Legbreak,3793,117,24.95,5,0,-,-,0,36.0,0.0,-
Umar Amin,2016-2021,Karachi Kings,Pakistan,110.2,Medium,3448,82*,28.03,0,18,3/14,28.66,0,54.0,0.0,-0.63
Amad Butt,2017-2020,Karachi Kings,Khulna Tigers,134.0,Fast,622,43*,15.17,0,102,4/27,24.09,0,33.0,0.0,-8.92
BM Duckett,2017-2017,Karachi Kings,England,140.6,Offbreak,5397,96,30.49,0,-,-,-,-,107.0,2.0,-
Hussain Talat,2017-2021,Karachi Kings,Pakistan,121.2,Medium,3895,101*,30.66,1,80,4/14,25.48,0,38.0,0.0,5.18
N Pooran,2017-2017,Karachi Kings,West Indies,149.6,,9951,108*,30.15,4,-,-,-,-,243.0,36.0,-
Rafatullah Mohmand,2017-2017,Karachi Kings,Pakistan,103.7,Orthodox,1614,78,26.03,0,2,2/23,18.00,0,31.0,0.0,8.03
Shadab Khan,2017-2025,Karachi Kings,Pakistan,136.5,Legbreak,3402,91,18.59,0,345,5/28,23.83,1,122.0,0.0,-5.24
Zohaib Khan,2017-2017,Karachi Kings,Lahore Qalandars,138.5,Orthodox,515,43*,14.71,0,61,4/11,28.52,0,26.0,0.0,-13.81
AD Hales,2018-2025,Karachi Kings,England,146.0,Medium,14174,119*,30.09,7,0,-,-,0,245.0,0.0,-
CAK Walton,2018-2019,Karachi Kings,West Indies,125.0,,3578,99*,22.78,0,0,-,-,0,99.0,16.0,-
Faheem Ashraf,2018-2024,Karachi Kings,Pakistan,142.9,Medium,2203,55,17.48,0,232,6/19,26.03,3,84.0,0.0,-8.55
Iftikhar Ahmed,2018-2021,Karachi Kings,Pakistan,129.3,Offbreak,6007,100*,29.73,1,85,3/5,29.85,0,144.0,0.0,-0.12
JP Duminy,2018-2018,Karachi Kings,South Africa,123.5,Offbreak,,,,,,,,,,,
L Ronchi,2018-2020,Karachi Kings,Australia,156.8,,4217,102,25.25,1,-,-,-,-,119.0,36.0,-
SR Patel,2018-2019,Karachi Kings,England,125.8,Orthodox,6939,90*,24.60,0,364,4/5,26.54,0,118.0,0.0,-1.93
ST Finn,2018-2018,Karachi Kings,England,82.4,Medium,79,11*,8.77,0,176,5/16,22.43,1,43.0,0.0,-13.65
Sahibzada Farhan,2018-2025,Karachi Kings,Pakistan,129.6,,3950,162*,33.76,6,-,-,-,-,61.0,2.0,-
Zafar Gohar,2018-2022,Karachi Kings,Lahore Qalandars,100.0,Orthodox,386,37*,13.31,0,88,4/14,25.05,0,23.0,0.0,-11.74
CS Delport,2019-2019,Karachi Kings,Sydney Thunder,139.5,Medium,6290,129,25.05,5,71,4/17,29.45,0,88.0,0.0,-4.39
IR Bell,2019-2019,Karachi Kings,England,128.6,Medium,,,,,,,,,,,
Muhammad Musa,2019-2022,Karachi Kings,Pakistan,115.7,Medium,132,26*,26.40,0,62,4/14,26.98,0,6.0,0.0,-0.58
Nasir Nawaz,2019-2022,Karachi Kings,Islamabad United,78.3,Medium,673,82,20.39,0,0,-,-,0,11.0,0.0,-
PD Salt,2019-2021,Karachi Kings,England,155.9,Offbreak,7763,141*,28.12,4,-,-,-,-,165.0,14.0,-
Rizwan Hussain,2019-2020,Karachi Kings,Islamabad United,106.5,,721,72,22.53,0,-,-,-,-,12.0,0.0,-
WD Parnell,2019-2019,Karachi Kings,South Africa,114.8,Medium,2200,99,18.48,0,317,5/30,25.40,1,71.0,0.0,-6.91
Waqas Maqsood,2019-2022,Karachi Kings,Pakistan,84.0,Medium,83,18,5.92,0,77,4/35,24.68,0,15.0,0.0,-18.75
Ahmed Safi Abdullah,2020-2020,Karachi Kings,Islamabad United,69.2,Orthodox,43,20*,14.33,0,11,3/20,24.36,0,2.0,0.0,-10.03
Akif Javed,2020-2021,Karachi Kings,Fortune Barishal,112.8,Medium,84,32,10.50,0,88,4/28,24.02,0,16.0,0.0,-13.52
C Munro,2020-2025,Karachi Kings,New Zealand,140.1,Medium,11616,120,30.25,6,31,4/15,33.38,0,134.0,0.0,-3.13
CA Ingram,2020-2020,Karachi Kings,South Africa,140.9,,9010,127*,28.33,4,40,4/32,32.97,0,124.0,0.0,-4.64
DJ Malan,2020-2020,Karachi Kings,England,131.8,Legbreak,10501,117,32.81,5,23,2/10,31.39,0,132.0,0.0,1.42
DW Steyn,2020-2020,Karachi Kings,South Africa,107.1,Fast,313,27*,8.45,0,263,4/9,22.00,0,55.0,0.0,-13.54
Ali Khan,2021-2021,Karachi Kings,United States of America,93.2,Medium,66,16*,6.60,0,94,4/6,30.95,0,16.0,0.0,-24.35
BA King,2021-2021,Karachi Kings,West Indies,132.5,,3938,132*,26.60,2,-,-,-,-,66.0,0.0,-
Fawad Ahmed,2021-2021,Karachi Kings,Australia,75.4,Legbreak,86,19,5.73,0,172,4/14,24.75,0,22.0,0.0,-19.02
Hasan Ali,2021-2023,Karachi Kings,Pakistan,144.0,Medium,,,,,,,,,,,
L Gregory,2021-2021,Karachi Kings,England,140.8,Medium,3139,76*,21.06,0,214,5/24,26.00,1,113.0,0.0,-4.93
Mohammad Wasim,2021-2023,Karachi Kings,Pakistan,117.2,Medium,353,34,12.17,0,117,4/24,26.00,0,51.0,0.0,-13.82
Muhammad Akhlaq,2021-2022,Karachi Kings,Lahore Qalandars,134.2,Medium,1037,62,20.33,0,-,-,-,-,30.0,9.0,-
PR Stirling,2021-2023,Karachi Kings,Ireland,141.4,Offbreak,8889,119,24.82,3,77,4/10,28.48,0,106.0,0.0,-3.65
Rohail Nazir,2021-2021,Karachi Kings,Pakistan,119.8,,921,58,17.71,0,-,-,-,-,49.0,9.0,-
UT Khawaja,2021-2021,Karachi Kings,Australia,133.2,Offbreak,3292,109*,30.20,3,-,-,-,-,29.0,0.0,-
Athar Mahmood,2022-2022,Karachi Kings,Islamabad United,,Medium,1,1*,-,0,1,1/55,104.00,0,1.0,0.0,-
Azam Khan,2022-2025,Karachi Kings,Pakistan,143.9,,3486,109*,22.93,1,-,-,-,-,83.0,20.0,-
Danish Aziz,2022-2022,Karachi Kings,Pakistan,117.5,Orthodox,1092,72*,26.00,0,39,3/16,26.51,0,21.0,0.0,-0.51
LA Dawson,2022-2022,Karachi Kings,England,121.4,Orthodox,2888,82,17.60,0,269,5/17,25.47,1,125.0,0.0,-7.86
M de Lange,2022-2022,Karachi Kings,South Africa,129.8,Fast,,,,,,,,,,,
Mubasir Khan,2022-2023,Karachi Kings,Islamabad United,96.1,Offbreak,568,45,16.70,0,20,3/19,30.10,0,23.0,0.0,-13.39
Muhammad Hurraira,2022-2022,Karachi Kings,,0,,531,86*,27.94,0,-,-,-,-,8.0,0.0,-
Rahmanullah Gurbaz,2022-2023,Karachi Kings,Afghanistan,142.7,,5604,121*,24.68,2,1,1/2,11.00,0,126.0,17.0,13.68
WG Jacks,2022-2022,Karachi Kings,England,155.6,Offbreak,6120,108*,29.00,5,80,4/15,22.68,0,112.0,0.0,6.31
Zahid Mahmood,2022-2022,Karachi Kings,Pakistan,66.7,Legbreak,184,20,11.50,0,98,5/16,21.39,1,6.0,0.0,-9.89
Zahir Khan,2022-2022,Karachi Kings,Afghanistan,76.9,Chinaman,106,19*,4.60,0,142,5/19,24.05,1,13.0,0.0,-19.44
Zeeshan Zameer,2022-2023,Karachi Kings,Islamabad United,0.0,Medium,0,0,0.00,0,1,1/10,79.00,0,1.0,0.0,-78.99
Abrar Ahmed,2023-2023,Karachi Kings,Pakistan,76.8,Legbreak,42,12,3.50,0,83,4/9,21.16,0,16.0,0.0,-17.66
Fazalhaq Farooqi,2023-2023,Karachi Kings,Afghanistan,59.3,Medium,52,16*,6.50,0,172,5/9,21.04,4,20.0,0.0,-14.54
HE van der Dussen,2023-2025,Karachi Kings,South Africa,130.3,Legbreak,6773,112*,36.80,5,3,2/15,18.33,0,72.0,0.0,18.47
Hasan Nawaz,2023-2023,Karachi Kings,Pakistan,160.0,,1340,105*,27.91,2,0,-,-,0,31.0,0.0,-
Sohaib Maqsood,2023-2023,Karachi Kings,Pakistan,124.1,Offbreak,3928,88*,27.46,0,6,3/23,42.50,0,42.0,0.0,-15.03
TK Curran,2023-2023,Karachi Kings,England,143.5,Medium,2396,67*,21.58,0,255,4/15,25.52,0,66.0,0.0,-3.93
Agha Salman,2024-2025,Karachi Kings,Pakistan,116.5,Offbreak,1800,68*,21.42,0,45,5/10,23.20,1,36.0,0.0,-1.77
Haider Ali,2024-2025,Karachi Kings,Pakistan,131.7,,,,,,,,,,,,
Hunain Shah,2024-2025,Karachi Kings,Islamabad United,64.3,Medium,28,12,3.50,0,26,3/20,24.76,0,4.0,0.0,-21.26
Imad Wasim,2024-2025,Karachi Kings,Pakistan,124.1,Orthodox,4327,92*,21.52,0,377,5/14,24.59,2,110.0,0.0,-3.06
JM Cox,2024-2024,Karachi Kings,England,142.8,,3510,139*,30.78,1,-,-,-,-,101.0,7.0,-
MJ Guptill,2024-2024,Karachi Kings,New Zealand,130.7,Offbreak,,,,,,,,,,,
MW Forde,2024-2024,Karachi Kings,West Indies,143.1,Medium,293,52,16.27,0,52,4/11,24.80,0,19.0,0.0,-8.52
Naseem Shah,2024-2025,Karachi Kings,Pakistan,115.2,Fast,253,27,7.22,0,132,5/20,29.34,1,21.0,0.0,-22.11
OC McCoy,2024-2024,Karachi Kings,West Indies,100.5,Medium,182,23*,7.58,0,189,6/17,24.15,2,28.0,0.0,-16.57
TS Mills,2024-2025,Karachi Kings,England,105.9,Fast,237,30,6.07,0,320,4/13,23.36,0,39.0,0.0,-17.29
Ubaid Shah,2024-2024,Karachi Kings,Islamabad United,58.3,Medium,44,17,7.33,0,20,3/27,31.20,0,3.0,0.0,-23.86
AGS Gous,2025-2025,Karachi Kings,United States of America,137.4,,2732,101*,30.69,1,-,-,-,-,57.0,11.0,-
BJ Dwarshuis,2025-2025,Karachi Kings,Australia,143.3,Medium,,,,,,,,,,,
Ghazi Ghori,2025-2025,Karachi Kings,Islamabad United,80.0,,,,,,,,,,,,
JDS Neesham,2025-2025,Karachi Kings,New Zealand,140.9,Medium,4441,97*,23.49,0,260,5/22,25.03,1,124.0,0.0,-1.54
JO Holder,2025-2025,Karachi Kings,West Indies,136.8,Medium,3035,69,18.61,0,324,5/27,27.61,1,153.0,0.0,-8.99
KR Mayers,2025-2025,Karachi Kings,West Indies,135.1,Medium,4196,92,23.44,0,68,4/4,33.14,0,62.0,0.0,-9.70
Mohammad Nawaz,2025-2025,Karachi Kings,Quetta Gladiators,100.0,Orthodox,3531,72,21.53,0,238,5/19,27.35,2,129.0,0.0,-5.82
Muhammad Shahzad,2025-2025,Karachi Kings,Islamabad United,133.3,,316,55,19.75,0,3,1/0,17.00,0,12.0,0.0,2.75
RP Meredith,2025-2025,Karachi Kings,Australia,98.2,Medium,48,10,4.80,0,189,4/9,22.31,0,26.0,0.0,-17.51
Saad Masood,2025-2025,Karachi Kings,Peshawar Zalmi,141.7,Offbreak,179,63*,22.37,0,9,2/20,36.77,0,8.0,0.0,-14.40
Salman Irshad,2025-2025,Karachi Kings,Dhaka Dominators,68.6,Medium,55,8*,4.58,0,96,4/27,27.55,0,9.0,0.0,-22.96
Bilawal Bhatti,2016-2016,Lahore Qalandars,Pakistan,104.9,Medium,337,38,11.23,0,73,4/23,29.50,0,27.0,0.0,-18.27
Iftikhar Ahmed,2016-2020,Lahore Qalandars,Pakistan,129.3,Offbreak,6007,100*,29.73,1,85,3/5,29.85,0,144.0,0.0,-0.12
Imad Wasim,2016-2023,Lahore Qalandars,Pakistan,124.1,Orthodox,4327,92*,21.52,0,377,5/14,24.59,2,110.0,0.0,-3.06
JM Vince,2016-2025,Lahore Qalandars,England,137.3,Medium,12655,129*,31.95,7,3,1/5,29.00,0,259.0,0.0,2.95
LMP Simmons,2016-2018,Lahore Qalandars,West Indies,120.2,Medium,7756,116,29.83,2,23,4/19,25.95,0,116.0,0.0,3.87
MH Wessels,2016-2016,Lahore Qalandars,Sydney Sixers,135.0,,5684,110,28.85,1,-,-,-,-,96.0,16.0,-
Mir Hamza,2016-2025,Lahore Qalandars,Karachi Kings,92.6,Medium,94,19*,18.80,0,75,4/9,27.92,0,13.0,0.0,-9.11
Mohammad Amir,2016-2023,Lahore Qalandars,Pakistan,103.4,Fast,458,30,7.15,0,409,6/17,22.40,2,43.0,0.0,-15.25
Mushfiqur Rahim,2016-2016,Lahore Qalandars,Bangladesh,125.4,,6004,98*,29.28,0,-,-,-,-,169.0,54.0,-
Nauman Anwar,2016-2016,Lahore Qalandars,Pakistan,114.9,Medium,787,97,21.27,0,-,-,-,-,16.0,0.0,-
RN ten Doeschate,2016-2016,Lahore Qalandars,Netherlands,134.4,Medium,7597,121*,29.33,2,114,4/24,25.63,0,134.0,0.0,3.70
RS Bopara,2016-2019,Lahore Qalandars,England,124.5,Medium,9948,108,28.10,3,292,6/16,25.59,1,158.0,0.0,2.50
Saifullah Bangash,2016-2016,Lahore Qalandars,Karachi Kings,0.0,,253,36*,23.00,0,-,-,-,-,22.0,7.0,-
Shahzaib Hasan,2016-2017,Lahore Qalandars,Pakistan,115.1,Offbreak,2695,101*,28.07,2,0,-,-,0,27.0,0.0,-
Shakib Al Hasan,2016-2016,Lahore Qalandars,Bangladesh,126.2,Orthodox,,,,,,,,,,,
Shoaib Malik,2016-2024,Lahore Qalandars,Pakistan,125.2,Offbreak,13571,95*,35.99,0,187,5/13,27.70,2,238.0,0.0,8.29
Sohail Khan,2016-2019,Lahore Qalandars,Pakistan,96.1,Medium,675,45*,13.50,0,182,5/10,23.65,2,18.0,0.0,-10.15
Sohail Tanvir,2016-2016,Lahore Qalandars,Pakistan,115.3,Medium,2703,74*,16.78,0,389,6/14,26.36,2,73.0,0.0,-9.57
Usama Mir,2016-2020,Lahore Qalandars,Pakistan,129.4,Legbreak,530,39,8.68,0,182,6/40,23.35,1,61.0,0.0,-14.66
Abrar Ahmed,2017-2017,Lahore Qalandars,Pakistan,76.8,Legbreak,42,12,3.50,0,83,4/9,21.16,0,16.0,0.0,-17.66
Babar Azam,2017-2022,Lahore Qalandars,Pakistan,128.7,Offbreak,11330,122,43.07,11,4,2/20,21.25,0,147.0,0.0,21.82
CH Gayle,2017-2017,Lahore Qalandars,West Indies,144.1,Offbreak,14562,175*,36.22,22,83,4/22,31.54,0,104.0,0.0,4.68
DPMD Jayawardene,2017-2017,Lahore Qalandars,Sri Lanka,126.7,Medium,5479,116,29.29,3,3,2/22,32.33,0,75.0,0.0,-3.03
KA Pollard,2017-2024,Lahore Qalandars,West Indies,149.9,Medium,14216,104,31.87,1,333,4/15,25.33,0,397.0,0.0,6.53
KC Sangakkara,2017-2017,Lahore Qalandars,Sri Lanka,124.8,Offbreak,6937,94,29.27,0,-,-,-,-,167.0,60.0,-
Kashif Bhatti,2017-2017,Lahore Qalandars,,0,,474,50,15.29,0,85,4/14,26.01,0,25.0,0.0,-10.72
Usman Shinwari,2017-2022,Lahore Qalandars,Pakistan,100.0,Medium,153,36*,10.92,0,128,5/9,25.13,2,26.0,0.0,-14.20
CA Ingram,2018-2021,Lahore Qalandars,South Africa,140.9,,9010,127*,28.33,4,40,4/32,32.97,0,124.0,0.0,-4.64
D Wiese,2018-2018,Lahore Qalandars,South Africa,141.5,Medium,4519,79*,22.59,0,334,5/19,26.24,7,154.0,0.0,-3.65
Danish Aziz,2018-2021,Lahore Qalandars,Pakistan,117.5,Orthodox,1092,72*,26.00,0,39,3/16,26.51,0,21.0,0.0,-0.51
EJG Morgan,2018-2018,Lahore Qalandars,England,130.9,Medium,7780,91,26.02,0,-,-,-,-,160.0,0.0,-
JL Denly,2018-2018,Lahore Qalandars,England,127.4,Legbreak,7107,127,27.02,5,53,4/19,27.22,0,111.0,0.0,-0.20
Khurram Manzoor,2018-2018,Lahore Qalandars,Pakistan,103.2,Offbreak,3908,109,28.31,4,3,1/3,24.66,0,43.0,0.0,3.65
Mohammad Irfan,2018-2018,Lahore Qalandars,Pakistan,48.8,Fast,,,,,,,,,,,
Mohammad Rizwan,2018-2020,Lahore Qalandars,Pakistan,126.4,,8648,110*,43.24,3,1,1/22,22.00,0,190.0,50.0,21.24
Mukhtar Ahmed,2018-2018,Lahore Qalandars,Pakistan,134.0,Legbreak,1370,123,29.14,3,11,3/16,10.27,0,32.0,0.0,18.87
Shahid Afridi,2018-2018,Lahore Qalandars,Pakistan,152.3,Legbreak,4399,101,18.25,1,347,5/7,22.78,2,97.0,0.0,-4.53
TS Mills,2018-2018,Lahore Qalandars,England,105.9,Fast,237,30,6.07,0,320,4/13,23.36,0,39.0,0.0,-17.29
AW Summers,2019-2019,Lahore Qalandars,Hobart Hurricanes,,Fast,-,-,-,-,0,-,-,0,1.0,0.0,-
Aamer Yamin,2019-2023,Lahore Qalandars,Pakistan,137.7,Medium,1205,52,17.72,0,105,4/5,30.43,0,37.0,0.0,-12.71
Awais Zia,2019-2019,Lahore Qalandars,Pakistan,83.6,Offbreak,2051,100*,24.12,1,8,2/17,38.37,0,32.0,0.0,-14.24
BR Dunk,2019-2019,Lahore Qalandars,Australia,128.9,,3708,99*,23.32,0,3,1/19,39.33,0,99.0,10.0,-16.01
C Munro,2019-2019,Lahore Qalandars,New Zealand,140.1,Medium,11616,120,30.25,6,31,4/15,33.38,0,134.0,0.0,-3.13
LS Livingstone,2019-2019,Lahore Qalandars,England,144.4,Legbreak,7385,103,28.18,2,143,4/17,25.76,0,126.0,0.0,2.42
Sikandar Raza,2019-2019,Lahore Qalandars,Zimbabwe,136.3,Offbreak,6298,133*,25.81,1,196,5/18,27.12,1,133.0,0.0,-1.31
Umer Khan,2019-2020,Lahore Qalandars,Karachi Kings,37.5,Orthodox,24,12,4.00,0,22,3/22,30.45,0,10.0,0.0,-26.45
AD Hales,2020-2020,Lahore Qalandars,England,146.0,Medium,14174,119*,30.09,7,0,-,-,0,245.0,0.0,-
Ali Khan,2020-2020,Lahore Qalandars,United States of America,93.2,Medium,66,16*,6.60,0,94,4/6,30.95,0,16.0,0.0,-24.35
Arshad Iqbal,2020-2021,Lahore Qalandars,Pakistan,38.5,Medium,31,11*,3.44,0,68,3/12,26.66,0,8.0,0.0,-23.21
CAK Walton,2020-2021,Lahore Qalandars,West Indies,125.0,,3578,99*,22.78,0,0,-,-,0,99.0,16.0,-
CJ Jordan,2020-2022,Lahore Qalandars,England,134.2,Medium,2476,73,16.84,0,439,4/6,27.05,0,214.0,0.0,-10.21
CS Delport,2020-2020,Lahore Qalandars,Sydney Thunder,139.5,Medium,6290,129,25.05,5,71,4/17,29.45,0,88.0,0.0,-4.39
MJ McClenaghan,2020-2020,Lahore Qalandars,New Zealand,111.4,Medium,271,20,6.30,0,241,5/29,25.60,1,34.0,0.0,-19.30
SE Rutherford,2020-2020,Lahore Qalandars,West Indies,138.4,Medium,3610,86,23.59,0,13,3/19,38.53,0,70.0,0.0,-14.94
Sharjeel Khan,2020-2023,Lahore Qalandars,Pakistan,136.6,Legbreak,3793,117,24.95,5,0,-,-,0,36.0,0.0,-
Umaid Asif,2020-2022,Lahore Qalandars,Sialkot Stallions,160.6,Medium,437,40,12.85,0,127,5/20,26.20,1,34.0,0.0,-13.35
WD Parnell,2020-2020,Lahore Qalandars,South Africa,114.8,Medium,2200,99,18.48,0,317,5/30,25.40,1,71.0,0.0,-6.91
Waqas Maqsood,2020-2021,Lahore Qalandars,Pakistan,84.0,Medium,83,18,5.92,0,77,4/35,24.68,0,15.0,0.0,-18.75
Abbas Afridi,2021-2025,Lahore Qalandars,Pakistan,132.8,Medium,393,34,11.90,0,124,5/47,19.98,1,21.0,0.0,-8.07
DT Christian,2021-2021,Lahore Qalandars,Australia,137.9,Medium,5848,129,22.66,2,281,5/14,28.95,2,186.0,0.0,-6.28
JM Clarke,2021-2022,Lahore Qalandars,Perth Scorchers,144.3,,5918,136,26.18,4,-,-,-,-,91.0,7.0,-
MJ Guptill,2021-2021,Lahore Qalandars,New Zealand,130.7,Offbreak,,,,,,,,,,,
Mohammad Ilyas,2021-2022,Lahore Qalandars,Multan Sultans,86.7,Medium,228,41*,13.41,0,65,3/25,26.07,0,24.0,0.0,-12.66
Mohammad Nabi,2021-2025,Lahore Qalandars,Afghanistan,134.0,Offbreak,6516,89,21.08,0,388,5/15,24.82,1,217.0,0.0,-3.73
NLTC Perera,2021-2021,Lahore Qalandars,Sri Lanka,152.1,Medium,4873,103*,21.09,1,282,5/26,27.15,2,160.0,0.0,-6.05
Najibullah Zadran,2021-2021,Lahore Qalandars,Afghanistan,133.0,Offbreak,4475,97*,26.47,0,2,1/5,11.00,0,90.0,0.0,15.47
Noor Ahmad,2021-2021,Lahore Qalandars,Afghanistan,95.8,Chinaman,221,20,6.13,0,209,5/11,21.51,2,40.0,0.0,-15.37
Qasim Akram,2021-2023,Lahore Qalandars,Pakistan,123.7,Offbreak,1074,64,21.05,0,37,3/6,21.48,0,30.0,0.0,-0.42
IA Cockbain,2022-2022,Lahore Qalandars,Adelaide Strikers,133.1,Medium,3869,123,31.97,1,-,-,-,-,75.0,0.0,-
JA Thompson,2022-2022,Lahore Qalandars,Hobart Hurricanes,153.8,Medium,1262,74,17.05,0,131,5/21,25.21,1,44.0,0.0,-8.15
L Gregory,2022-2022,Lahore Qalandars,England,140.8,Medium,3139,76*,21.06,0,214,5/24,26.00,1,113.0,0.0,-4.93
Mohammad Imran,2022-2022,Lahore Qalandars,Fortune Barishal,50.0,Medium,39,13,4.33,0,79,6/16,23.29,1,10.0,0.0,-18.95
Mohammad Taha,2022-2022,Lahore Qalandars,Karachi Kings,54.5,Orthodox,369,47*,24.60,0,7,3/3,11.71,0,9.0,0.0,12.88
Rohail Nazir,2022-2022,Lahore Qalandars,Pakistan,119.8,,921,58,17.71,0,-,-,-,-,49.0,9.0,-
Sahibzada Farhan,2022-2022,Lahore Qalandars,Pakistan,129.6,,3950,162*,33.76,6,-,-,-,-,61.0,2.0,-
TA Lammonby,2022-2022,Lahore Qalandars,Hobart Hurricanes,141.2,Medium,1007,90,19.00,0,15,2/32,31.33,0,46.0,0.0,-12.33
AJ Tye,2023-2023,Lahore Qalandars,Australia,128.1,Medium,741,44,12.77,0,342,5/17,21.33,3,87.0,0.0,-8.56
AM Rossington,2023-2023,Lahore Qalandars,Durdanto Dhaka,146.5,,3576,95,20.79,0,-,-,-,-,82.0,33.0,-
Akif Javed,2023-2023,Lahore Qalandars,Fortune Barishal,112.8,Medium,84,32,10.50,0,88,4/28,24.02,0,16.0,0.0,-13.52
BCJ Cutting,2023-2023,Lahore Qalandars,Australia,145.6,Medium,2921,81*,22.46,0,137,5/28,32.08,1,100.0,0.0,-9.61
Haider Ali,2023-2023,Lahore Qalandars,Pakistan,131.7,,,,,,,,,,,,
Imran Tahir,2023-2023,Lahore Qalandars,South Africa,101.3,Legbreak,387,23,8.79,0,567,5/21,19.53,5,107.0,0.0,-10.74
Irfan Khan,2023-2025,Lahore Qalandars,Pakistan,135.8,Medium,853,57*,25.08,0,2,1/4,24.50,0,40.0,0.0,0.58
JK Fuller,2023-2023,Lahore Qalandars,Fortune Barishal,140.2,Fast,2057,57,19.97,0,184,6/28,25.96,1,85.0,0.0,-5.99
MS Wade,2023-2023,Lahore Qalandars,Australia,137.4,,5267,130*,26.73,1,-,-,-,-,150.0,20.0,-
Mohammad Umar,2023-2023,Lahore Qalandars,Multan Sultans,30.8,Medium,17,7*,3.40,0,17,3/22,30.41,0,7.0,0.0,-27.01
Muhammad Akhlaq,2023-2024,Lahore Qalandars,Lahore Qalandars,134.2,Medium,1037,62,20.33,0,-,-,-,-,30.0,9.0,-
Muhammad Musa,2023-2023,Lahore Qalandars,Pakistan,115.7,Medium,132,26*,26.40,0,62,4/14,26.98,0,6.0,0.0,-0.58
T Shamsi,2023-2024,Lahore Qalandars,South Africa,51.5,Chinaman,95,15*,4.52,0,348,5/24,22.32,1,40.0,0.0,-17.80
Tayyab Tahir,2023-2023,Lahore Qalandars,Pakistan,135.7,Legbreak,1395,78,36.71,0,-,-,-,-,29.0,0.0,-
Anwar Ali,2024-2024,Lahore Qalandars,Pakistan,138.5,Medium,1607,65,17.27,0,173,4/30,30.43,0,72.0,0.0,-13.15
Arafat Minhas,2024-2025,Lahore Qalandars,Pakistan,102.9,Orthodox,274,41,22.83,0,14,2/11,30.00,0,11.0,0.0,-7.16
B Muzarabani,2024-2024,Lahore Qalandars,Zimbabwe,60.2,Medium,74,9*,3.36,0,134,3/8,23.85,0,20.0,0.0,-20.48
DR Sams,2024-2024,Lahore Qalandars,Australia,151.6,Medium,2177,98*,16.74,0,250,5/30,24.63,1,81.0,0.0,-7.88
Hasan Ali,2024-2025,Lahore Qalandars,Pakistan,144.0,Medium,,,,,,,,,,,
JL du Plooy,2024-2024,Lahore Qalandars,Dubai Capitals,138.0,Orthodox,4009,92,28.84,0,14,4/15,22.00,0,85.0,0.0,6.84
Mohammad Amir Khan,2024-2024,Lahore Qalandars,Peshawar Zalmi,77.8,Medium,21,14*,7.00,0,29,4/35,22.44,0,3.0,0.0,-15.44
Mohammad Nawaz,2024-2024,Lahore Qalandars,Quetta Gladiators,100.0,Orthodox,3531,72,21.53,0,238,5/19,27.35,2,129.0,0.0,-5.82
Saad Baig,2024-2025,Lahore Qalandars,Karachi Kings,122.8,,149,36*,21.28,0,-,-,-,-,5.0,1.0,-
Shan Masood,2024-2025,Lahore Qalandars,Pakistan,130.2,Medium,4735,103*,26.01,1,-,-,-,-,84.0,0.0,-
TL Seifert,2024-2025,Lahore Qalandars,New Zealand,135.0,,6584,125*,28.50,4,-,-,-,-,181.0,37.0,-
Zahid Mahmood,2024-2024,Lahore Qalandars,Pakistan,66.7,Legbreak,184,20,11.50,0,98,5/16,21.39,1,6.0,0.0,-9.89
AF Milne,2025-2025,Lahore Qalandars,New Zealand,112.8,Fast,498,22,11.06,0,247,5/11,23.54,3,53.0,0.0,-12.47
Aamer Jamal,2025-2025,Lahore Qalandars,Pakistan,136.7,Medium,525,87,19.44,0,43,5/23,33.62,1,21.0,0.0,-14.18
BR McDermott,2025-2025,Lahore Qalandars,Australia,136.2,Medium,4913,127,29.95,3,-,-,-,-,106.0,15.0,-
DA Warner,2025-2025,Lahore Qalandars,Australia,139.9,Legbreak,13595,135*,36.44,8,0,-,-,0,202.0,0.0,-
Fawad Ali,2025-2025,Lahore Qalandars,Karachi Kings,100.0,,21,12,7.00,0,-,-,-,-,1.0,0.0,-
Khushdil Shah,2025-2025,Lahore Qalandars,Pakistan,136.3,Orthodox,3681,100,27.26,1,90,4/35,21.81,0,78.0,1.0,5.45
Muhammad Riazullah,2025-2025,Lahore Qalandars,Karachi Kings,66.7,,2910,,,,,4/6,,0,,,
Omair Yousuf,2025-2025,Lahore Qalandars,Pakistan,125.6,,1043,78*,30.67,0,-,-,-,-,20.0,0.0,-
Ahmed Shehzad,2018-2018,Multan Sultans,Pakistan,119.5,Legbreak,7011,113*,29.09,5,12,2/10,28.66,0,101.0,0.0,0.42
DM Bravo,2018-2018,Multan Sultans,West Indies,114.0,Medium,3575,94*,30.04,0,-,-,-,-,60.0,0.0,-
GC Viljoen,2018-2018,Multan Sultans,Chittagong Vikings,122.4,Medium,953,44,14.66,0,189,5/16,25.56,1,30.0,0.0,-10.90
Imran Tahir,2018-2022,Multan Sultans,South Africa,101.3,Legbreak,387,23,8.79,0,567,5/21,19.53,5,107.0,0.0,-10.74
Junaid Khan,2018-2020,Multan Sultans,Pakistan,62.2,Medium,146,36,5.61,0,200,4/12,23.52,0,46.0,0.0,-17.90
KA Pollard,2018-2023,Multan Sultans,West Indies,149.9,Medium,14216,104,31.87,1,333,4/15,25.33,0,397.0,0.0,6.53
KC Sangakkara,2018-2018,Multan Sultans,Sri Lanka,124.8,Offbreak,6937,94,29.27,0,-,-,-,-,167.0,60.0,-
Mohammad Irfan,2018-2020,Multan Sultans,Pakistan,48.8,Fast,,,,,,,,,,,
RA Whiteley,2018-2018,Multan Sultans,Brisbane Heat,136.2,Medium,3648,91*,23.08,0,10,3/23,33.10,0,93.0,0.0,-10.01
Saif Badar,2018-2018,Multan Sultans,Los Angeles Knight Riders,121.6,Legbreak,562,54,21.61,0,1,1/15,56.00,0,17.0,0.0,-34.38
Shoaib Malik,2018-2019,Multan Sultans,Pakistan,125.2,Offbreak,13571,95*,35.99,0,187,5/13,27.70,2,238.0,0.0,8.29
Sohaib Maqsood,2018-2022,Multan Sultans,Pakistan,124.1,Offbreak,3928,88*,27.46,0,6,3/23,42.50,0,42.0,0.0,-15.03
Sohail Tanvir,2018-2021,Multan Sultans,Pakistan,115.3,Medium,2703,74*,16.78,0,389,6/14,26.36,2,73.0,0.0,-9.57
Umar Gul,2018-2018,Multan Sultans,Pakistan,115.3,Medium,548,32,8.69,0,222,6/24,20.16,3,38.0,0.0,-11.46
AD Russell,2019-2019,Multan Sultans,West Indies,167.6,Fast,9449,121*,26.32,2,496,5/15,25.87,1,238.0,0.0,0.44
Ali Shafique,2019-2020,Multan Sultans,,0,,9,4,3.00,0,14,3/21,30.21,0,0.0,0.0,-27.21
CJ Green,2019-2019,Multan Sultans,Australia,137.8,Offbreak,1997,50,17.21,0,243,5/32,25.92,1,152.0,0.0,-8.71
DT Christian,2019-2019,Multan Sultans,Australia,137.9,Medium,5848,129,22.66,2,281,5/14,28.95,2,186.0,0.0,-6.28
Hammad Azam,2019-2021,Multan Sultans,Pakistan,97.6,Medium,1438,66,21.14,0,75,4/12,24.29,0,31.0,0.0,-3.14
J Charles,2019-2024,Multan Sultans,West Indies,135.5,,8101,119*,27.18,4,5,1/5,14.60,0,114.0,7.0,12.58
JM Vince,2019-2021,Multan Sultans,England,137.3,Medium,12655,129*,31.95,7,3,1/5,29.00,0,259.0,0.0,2.95
LJ Evans,2019-2019,Multan Sultans,Perth Scorchers,138.3,Medium,7305,118*,29.69,3,1,1/5,35.00,0,149.0,4.0,-5.30
Mohammad Abbas,2019-2019,Multan Sultans,Multan Sultans,166.7,Medium,34,15*,8.50,0,32,3/22,35.53,0,7.0,0.0,-27.03
Mohammad Ilyas,2019-2023,Multan Sultans,Multan Sultans,86.7,Medium,228,41*,13.41,0,65,3/25,26.07,0,24.0,0.0,-12.66
Mohammad Irfan,2019-2019,Multan Sultans,Pakistan,48.8,Fast,,,,,,,,,,,
Noman Ali,2019-2019,Multan Sultans,,0,Orthodox,197,26*,9.38,0,43,3/31,29.90,0,12.0,0.0,-20.52
Shahid Afridi,2019-2021,Multan Sultans,Pakistan,152.3,Legbreak,4399,101,18.25,1,347,5/7,22.78,2,97.0,0.0,-4.53
Shakeel Ansar,2019-2019,Multan Sultans,Pakistan,59.3,,591,100*,17.90,1,-,-,-,-,41.0,23.0,-
Shan Masood,2019-2023,Multan Sultans,Pakistan,130.2,Medium,4735,103*,26.01,1,-,-,-,-,84.0,0.0,-
TJ Moores,2019-2019,Multan Sultans,Sylhet Strikers,136.2,,2853,80*,25.47,0,-,-,-,-,79.0,25.0,-
Umar Siddiq,2019-2019,Multan Sultans,Lahore Lions,103.8,Offbreak,1410,78*,24.73,0,-,-,-,-,30.0,9.0,-
A Lyth,2020-2020,Multan Sultans,Perth Scorchers,144.8,Medium,4979,161,24.64,1,26,5/31,27.34,1,107.0,0.0,-2.69
Asad Shafiq,2020-2020,Multan Sultans,Pakistan,110.5,Legbreak,2702,92*,24.34,0,7,2/7,25.71,0,61.0,0.0,-1.37
Bilawal Bhatti,2020-2020,Multan Sultans,Pakistan,104.9,Medium,337,38,11.23,0,73,4/23,29.50,0,27.0,0.0,-18.27
Khushdil Shah,2020-2024,Multan Sultans,Pakistan,136.3,Orthodox,3681,100,27.26,1,90,4/35,21.81,0,78.0,1.0,5.45
MM Ali,2020-2020,Multan Sultans,England,139.7,Offbreak,7450,121*,23.65,3,263,5/34,24.78,1,123.0,0.0,-1.13
RR Rossouw,2020-2023,Multan Sultans,South Africa,147.9,Offbreak,9434,121,29.20,9,3,1/3,10.66,0,159.0,0.0,18.54
RS Bopara,2020-2020,Multan Sultans,England,124.5,Medium,9948,108,28.10,3,292,6/16,25.59,1,158.0,0.0,2.50
Rohail Nazir,2020-2020,Multan Sultans,Pakistan,119.8,,921,58,17.71,0,-,-,-,-,49.0,9.0,-
Usman Qadir,2020-2021,Multan Sultans,Pakistan,95.6,Legbreak,272,36,12.36,0,112,5/14,24.33,1,20.0,0.0,-11.96
Zeeshan Ashraf,2020-2020,Multan Sultans,Multan Sultans,125.6,Offbreak,1147,73,17.64,0,-,-,-,-,25.0,4.0,-
B Muzarabani,2021-2022,Multan Sultans,Zimbabwe,60.2,Medium,74,9*,3.36,0,134,3/8,23.85,0,20.0,0.0,-20.48
CA Lynn,2021-2021,Multan Sultans,Australia,143.8,Orthodox,8526,113*,32.91,6,3,2/15,31.00,0,72.0,0.0,1.91
CR Brathwaite,2021-2023,Multan Sultans,West Indies,136.0,Medium,2385,64*,15.69,0,248,4/14,25.75,0,108.0,0.0,-10.05
Imran Khan,2021-2022,Multan Sultans,Portugal,87.5,Medium,,,,,,,,,,,
Mohammad Rizwan,2021-2025,Multan Sultans,Pakistan,126.4,,8648,110*,43.24,3,1,1/22,22.00,0,190.0,50.0,21.24
Mohammad Umar,2021-2021,Multan Sultans,Multan Sultans,30.8,Medium,17,7*,3.40,0,17,3/22,30.41,0,7.0,0.0,-27.01
Rahmanullah Gurbaz,2021-2021,Multan Sultans,Afghanistan,142.7,,5604,121*,24.68,2,1,1/2,11.00,0,126.0,17.0,13.68
SO Hetmyer,2021-2021,Multan Sultans,West Indies,142.4,Legbreak,5938,100,26.50,1,-,-,-,-,158.0,0.0,-
Shahnawaz Dahani,2021-2024,Multan Sultans,Pakistan,137.5,Medium,39,16,9.75,0,81,5/12,22.07,1,14.0,0.0,-12.32
Sohaibullah,2021-2021,Multan Sultans,,0,Medium,26,9*,8.66,0,18,3/8,30.72,0,2.0,0.0,-22.05
Sohail Khan,2021-2021,Multan Sultans,Pakistan,96.1,Medium,675,45*,13.50,0,182,5/10,23.65,2,18.0,0.0,-10.15
Abbas Afridi,2022-2024,Multan Sultans,Pakistan,132.8,Medium,393,34,11.90,0,124,5/47,19.98,1,21.0,0.0,-8.07
Anwar Ali,2022-2023,Multan Sultans,Pakistan,138.5,Medium,1607,65,17.27,0,173,4/30,30.43,0,72.0,0.0,-13.15
Asif Afridi,2022-2022,Multan Sultans,Lahore Qalandars,73.0,Orthodox,513,54,14.65,0,78,5/26,23.20,1,20.0,0.0,-8.54
DJ Willey,2022-2025,Multan Sultans,England,135.9,Medium,4773,118,22.30,2,362,4/7,23.45,0,165.0,0.0,-1.14
Ihsanullah,2022-2023,Multan Sultans,Afghanistan,116.0,Fast,14,6*,4.66,0,42,5/12,20.04,1,1.0,0.0,-15.38
Muhammad Amir Barki,2022-2025,Multan Sultans,Multan Sultans,92.3,,555,80,13.87,0,34,5/16,17.00,1,23.0,0.0,-3.12
Rumman Raees,2022-2022,Multan Sultans,Pakistan,94.7,Medium,180,25*,9.47,0,131,4/25,24.61,0,41.0,0.0,-15.14
TH David,2022-2023,Multan Sultans,Singapore,161.9,Offbreak,5833,102*,30.86,1,15,1/0,64.06,0,170.0,0.0,-33.20
AJ Hosein,2023-2023,Multan Sultans,West Indies,110.9,Orthodox,1059,55*,15.57,0,224,5/11,25.41,1,47.0,0.0,-9.84
DA Miller,2023-2023,Multan Sultans,South Africa,137.5,Offbreak,11476,120*,35.09,4,0,-,-,0,321.0,1.0,-
Izharulhaq Naveed,2023-2023,Multan Sultans,Sydney Sixers,54.5,Legbreak,17,3*,4.25,0,43,4/12,24.39,0,5.0,0.0,-20.14
SS Cottrell,2023-2023,Multan Sultans,West Indies,118.3,Medium,201,26*,7.17,0,167,4/20,22.73,0,59.0,0.0,-15.55
Sameen Gul,2023-2023,Multan Sultans,Peshawar Zalmi,58.8,Medium,77,14*,7.00,0,59,3/20,28.35,0,7.0,0.0,-21.35
Usama Mir,2023-2025,Multan Sultans,Pakistan,129.4,Legbreak,530,39,8.68,0,182,6/40,23.35,1,61.0,0.0,-14.66
Usman Khan,2023-2025,Multan Sultans,France,139.6,Medium,1944,123,30.85,5,-,-,-,-,31.0,5.0,-
Aftab Ibrahim,2024-2024,Multan Sultans,Multan Sultans,,Medium,33,15,8.25,0,11,2/15,22.00,0,3.0,0.0,-13.74
CJ Jordan,2024-2025,Multan Sultans,England,134.2,Medium,2476,73,16.84,0,439,4/6,27.05,0,214.0,0.0,-10.21
DJ Malan,2024-2024,Multan Sultans,England,131.8,Legbreak,10501,117,32.81,5,23,2/10,31.39,0,132.0,0.0,1.42
Faisal Akram,2024-2025,Multan Sultans,Multan Sultans,200.0,,21,7,5.25,0,12,2/25,46.00,0,8.0,0.0,-40.74
Iftikhar Ahmed,2024-2025,Multan Sultans,Pakistan,129.3,Offbreak,6007,100*,29.73,1,85,3/5,29.85,0,144.0,0.0,-0.12
Mohammad Ali,2024-2024,Multan Sultans,Pakistan,42.9,Medium,36,11,12.00,0,62,5/24,18.04,1,13.0,0.0,-6.04
OP Stone,2024-2024,Multan Sultans,England,89.2,Fast,173,22*,6.65,0,113,4/14,27.31,0,37.0,0.0,-20.66
RR Hendricks,2024-2024,Multan Sultans,South Africa,128.7,Medium,7790,117,34.16,5,8,2/7,33.50,0,118.0,0.0,0.66
Tayyab Tahir,2024-2025,Multan Sultans,Pakistan,135.7,Legbreak,1395,78,36.71,0,-,-,-,-,29.0,0.0,-
Yasir Khan,2024-2025,Multan Sultans,Peshawar Zalmi,141.7,,1152,107,26.18,2,-,-,-,-,13.0,0.0,-
AJ Turner,2025-2025,Multan Sultans,Australia,140.6,Offbreak,3860,84*,24.90,0,35,3/20,25.62,0,96.0,0.0,-0.72
Akif Javed,2025-2025,Multan Sultans,Fortune Barishal,112.8,Medium,84,32,10.50,0,88,4/28,24.02,0,16.0,0.0,-13.52
C Campher,2025-2025,Multan Sultans,Ireland,124.5,Medium,1552,72*,21.26,0,73,5/16,27.08,1,52.0,0.0,-5.82
D Madushanka,2025-2025,Multan Sultans,Sri Lanka,51.1,Medium,29,12,3.22,0,56,3/12,30.94,0,11.0,0.0,-27.72
Hamayun Altaf,2025-2025,Multan Sultans,Multan Sultans,123.1,,,,,,,,,,,,
JB Little,2025-2025,Multan Sultans,Ireland,82.3,Fast,226,27*,13.29,0,167,5/13,23.77,1,49.0,0.0,-10.48
Jahanzaib Sultan,2025-2025,Multan Sultans,Multan Sultans,119.0,,243,79*,30.37,0,-,-,-,-,4.0,0.0,-
Kamran Ghulam,2025-2025,Multan Sultans,Islamabad United,123.5,Orthodox,1834,110*,30.06,1,35,4/11,22.65,0,23.0,0.0,7.40
MG Bracewell,2025-2025,Multan Sultans,New Zealand,140.5,Offbreak,3403,141*,27.22,1,92,4/28,24.89,0,112.0,1.0,2.33
Mohammad Hasnain,2025-2025,Multan Sultans,Pakistan,83.6,Medium,117,22,7.31,0,139,4/25,27.64,0,15.0,0.0,-20.32
P Hatzoglou,2025-2025,Multan Sultans,Melbourne Renegades,104.9,Legbreak,86,15,14.33,0,64,3/14,29.56,0,19.0,0.0,-15.22
SD Hope,2025-2025,Multan Sultans,West Indies,129.2,,4939,106,30.48,3,-,-,-,-,88.0,15.0,-
Shahid Aziz,2025-2025,Multan Sultans,Multan Sultans,187.5,,189,29,11.81,0,32,4/20,22.31,0,10.0,0.0,-10.49
Ubaid Shah,2025-2025,Multan Sultans,Islamabad United,58.3,Medium,44,17,7.33,0,20,3/27,31.20,0,3.0,0.0,-23.86
Aamer Yamin,2016-2016,Peshawar Zalmi,Pakistan,137.7,Medium,1205,52,17.72,0,105,4/5,30.43,0,37.0,0.0,-12.71
Abdur Rehman,2016-2016,Peshawar Zalmi,Pakistan,123.4,Orthodox,245,30*,9.80,0,77,3/17,26.22,0,35.0,0.0,-16.42
BJ Hodge,2016-2016,Peshawar Zalmi,Australia,130.3,Offbreak,7406,106,36.84,2,65,4/13,22.32,0,102.0,0.0,14.52
DJ Malan,2016-2019,Peshawar Zalmi,England,131.8,Legbreak,10501,117,32.81,5,23,2/10,31.39,0,132.0,0.0,1.42
DJG Sammy,2016-2020,Peshawar Zalmi,West Indies,140.2,Medium,3918,71*,20.40,0,160,5/26,28.28,1,123.0,0.0,-7.88
Hasan Ali,2016-2020,Peshawar Zalmi,Pakistan,144.0,Medium,,,,,,,,,,,
Imran Khan,2016-2017,Peshawar Zalmi,Portugal,87.5,Medium,,,,,,,,,,,
J Allenby,2016-2016,Peshawar Zalmi,Peshawar Zalmi,128.0,Medium,3224,110,29.30,2,60,5/21,34.50,2,35.0,0.0,-5.19
JM Bairstow,2016-2016,Peshawar Zalmi,England,141.8,,5895,116,30.70,5,-,-,-,-,131.0,16.0,-
Junaid Khan,2016-2017,Peshawar Zalmi,Pakistan,62.2,Medium,146,36,5.61,0,200,4/12,23.52,0,46.0,0.0,-17.90
Kamran Akmal,2016-2022,Peshawar Zalmi,Pakistan,131.5,,6775,150*,26.56,5,-,-,-,-,172.0,102.0,-
Mohammad Asghar,2016-2018,Peshawar Zalmi,,0,,27,8*,3.00,0,71,4/23,23.73,0,32.0,0.0,-20.73
Mohammad Hafeez,2016-2018,Peshawar Zalmi,Pakistan,116.7,Offbreak,7946,102*,25.79,2,202,4/10,24.00,0,111.0,0.0,1.78
SW Tait,2016-2016,Peshawar Zalmi,Australia,75.3,Fast,163,26,5.82,0,218,5/32,22.41,1,24.0,0.0,-16.59
Shahid Afridi,2016-2017,Peshawar Zalmi,Pakistan,152.3,Legbreak,4399,101,18.25,1,347,5/7,22.78,2,97.0,0.0,-4.53
Shahid Yousuf,2016-2016,Peshawar Zalmi,Sialkot Stallions,110.2,Medium,1423,68,25.87,0,3,2/8,10.66,0,34.0,0.0,15.20
Tamim Iqbal,2016-2018,Peshawar Zalmi,Bangladesh,120.2,Offbreak,8283,141*,32.86,4,0,-,-,0,85.0,0.0,-
Wahab Riaz,2016-2023,Peshawar Zalmi,Pakistan,127.5,Fast,1700,53,13.49,0,413,5/8,22.63,3,101.0,0.0,-9.14
CJ Jordan,2017-2019,Peshawar Zalmi,England,134.2,Medium,2476,73,16.84,0,439,4/6,27.05,0,214.0,0.0,-10.21
EJG Morgan,2017-2017,Peshawar Zalmi,England,130.9,Medium,7780,91,26.02,0,-,-,-,-,160.0,0.0,-
Haris Sohail,2017-2018,Peshawar Zalmi,Pakistan,95.6,Orthodox,2221,69*,28.84,0,9,2/10,22.77,0,41.0,0.0,6.06
Iftikhar Ahmed,2017-2017,Peshawar Zalmi,Pakistan,129.3,Offbreak,6007,100*,29.73,1,85,3/5,29.85,0,144.0,0.0,-0.12
Khushdil Shah,2017-2018,Peshawar Zalmi,Pakistan,136.3,Orthodox,3681,100,27.26,1,90,4/35,21.81,0,78.0,1.0,5.45
MN Samuels,2017-2017,Peshawar Zalmi,West Indies,118.0,Offbreak,4571,106*,31.96,2,70,3/10,27.95,0,45.0,0.0,4.00
Shakib Al Hasan,2017-2023,Peshawar Zalmi,Bangladesh,126.2,Orthodox,,,,,,,,,,,
Sohaib Maqsood,2017-2020,Peshawar Zalmi,Pakistan,124.1,Offbreak,3928,88*,27.46,0,6,3/23,42.50,0,42.0,0.0,-15.03
ADS Fletcher,2018-2019,Peshawar Zalmi,West Indies,124.4,Medium,8513,118,28.85,5,3,2/22,26.33,0,165.0,23.0,2.52
DR Smith,2018-2018,Peshawar Zalmi,West Indies,126.3,Medium,7870,110*,26.23,5,110,4/8,27.99,0,141.0,0.0,-1.75
Hammad Azam,2018-2020,Peshawar Zalmi,Pakistan,97.6,Medium,1438,66,21.14,0,75,4/12,24.29,0,31.0,0.0,-3.14
Ibtisam Sheikh,2018-2019,Peshawar Zalmi,Peshawar Zalmi,33.3,Legbreak,2,2,2.00,0,9,3/20,19.77,0,4.0,0.0,-17.77
Khalid Usman,2018-2022,Peshawar Zalmi,Peshawar Zalmi,126.5,Orthodox,621,38*,16.34,0,85,5/26,24.36,1,37.0,0.0,-8.02
LA Dawson,2018-2020,Peshawar Zalmi,England,121.4,Orthodox,2888,82,17.60,0,269,5/17,25.47,1,125.0,0.0,-7.86
MH Wessels,2018-2018,Peshawar Zalmi,Sydney Sixers,135.0,,5684,110,28.85,1,-,-,-,-,96.0,16.0,-
Saad Nasim,2018-2018,Peshawar Zalmi,Pakistan,121.0,Legbreak,1437,69*,22.80,0,42,3/21,31.38,0,47.0,0.0,-8.57
Sabbir Rahman,2018-2018,Peshawar Zalmi,Bangladesh,120.4,Legbreak,3929,122,24.55,1,19,3/11,25.68,0,107.0,0.0,-1.12
Sameen Gul,2018-2022,Peshawar Zalmi,Peshawar Zalmi,58.8,Medium,77,14*,7.00,0,59,3/20,28.35,0,7.0,0.0,-21.35
Umaid Asif,2018-2021,Peshawar Zalmi,Sialkot Stallions,160.6,Medium,437,40,12.85,0,127,5/20,26.20,1,34.0,0.0,-13.35
Imam-ul-Haq,2019-2021,Peshawar Zalmi,Pakistan,122.1,,2519,94,34.04,0,-,-,-,-,27.0,0.0,-
KA Pollard,2019-2019,Peshawar Zalmi,West Indies,149.9,Medium,14216,104,31.87,1,333,4/15,25.33,0,397.0,0.0,6.53
Misbah-ul-Haq,2019-2019,Peshawar Zalmi,Pakistan,112.3,Legbreak,3491,107*,33.89,1,-,-,-,-,65.0,0.0,-
Nabi Gul,2019-2019,Peshawar Zalmi,,0,,195,54,16.25,0,0,-,-,0,9.0,0.0,-
TS Mills,2019-2019,Peshawar Zalmi,England,105.9,Fast,237,30,6.07,0,320,4/13,23.36,0,39.0,0.0,-17.29
Umar Amin,2019-2020,Peshawar Zalmi,Pakistan,110.2,Medium,3448,82*,28.03,0,18,3/14,28.66,0,54.0,0.0,-0.63
WL Madsen,2019-2019,Peshawar Zalmi,Italy,138.4,Offbreak,5406,109*,31.06,2,22,2/20,36.81,0,86.0,0.0,-5.74
Adil Amin,2020-2020,Peshawar Zalmi,Peshawar Zalmi,100.0,Offbreak,1354,75*,26.54,0,23,4/27,33.52,0,28.0,0.0,-6.97
CR Brathwaite,2020-2020,Peshawar Zalmi,West Indies,136.0,Medium,2385,64*,15.69,0,248,4/14,25.75,0,108.0,0.0,-10.05
F du Plessis,2020-2020,Peshawar Zalmi,South Africa,139.2,Legbreak,11906,120*,32.88,8,50,5/19,18.34,2,211.0,0.0,14.54
GC Viljoen,2020-2020,Peshawar Zalmi,Chittagong Vikings,122.4,Medium,953,44,14.66,0,189,5/16,25.56,1,30.0,0.0,-10.90
Haider Ali,2020-2022,Peshawar Zalmi,Pakistan,131.7,,,,,,,,,,,,
L Gregory,2020-2020,Peshawar Zalmi,England,140.8,Medium,3139,76*,21.06,0,214,5/24,26.00,1,113.0,0.0,-4.93
LS Livingstone,2020-2022,Peshawar Zalmi,England,144.4,Legbreak,7385,103,28.18,2,143,4/17,25.76,0,126.0,0.0,2.42
Mohammad Amir Khan,2020-2020,Peshawar Zalmi,Peshawar Zalmi,77.8,Medium,21,14*,7.00,0,29,4/35,22.44,0,3.0,0.0,-15.44
Mohammad Imran,2020-2020,Peshawar Zalmi,Fortune Barishal,50.0,Medium,39,13,4.33,0,79,6/16,23.29,1,10.0,0.0,-18.95
Mohammad Mohsin,2020-2020,Peshawar Zalmi,St Kitts and Nevis Patriots,101.6,Legbreak,195,35*,13.00,0,24,4/13,34.41,0,8.0,0.0,-21.41
Rahat Ali,2020-2020,Peshawar Zalmi,Czech Republic,81.1,Medium,,,,,,,,,,,
S Mahmood,2020-2022,Peshawar Zalmi,England,75.0,Medium,,,,,,,,,,,
Shoaib Malik,2020-2022,Peshawar Zalmi,Pakistan,125.2,Offbreak,13571,95*,35.99,0,187,5/13,27.70,2,238.0,0.0,8.29
T Banton,2020-2020,Peshawar Zalmi,England,141.9,,4703,107*,27.02,4,-,-,-,-,101.0,10.0,-
Yasir Shah,2020-2020,Peshawar Zalmi,Pakistan,91.1,Legbreak,463,44,8.73,0,134,4/7,29.45,0,47.0,0.0,-20.71
Abrar Ahmed,2021-2021,Peshawar Zalmi,Pakistan,76.8,Legbreak,42,12,3.50,0,83,4/9,21.16,0,16.0,0.0,-17.66
Amad Butt,2021-2022,Peshawar Zalmi,Khulna Tigers,134.0,Fast,622,43*,15.17,0,102,4/27,24.09,0,33.0,0.0,-8.92
DA Miller,2021-2021,Peshawar Zalmi,South Africa,137.5,Offbreak,11476,120*,35.09,4,0,-,-,0,321.0,1.0,-
FA Allen,2021-2021,Peshawar Zalmi,West Indies,141.5,Orthodox,1544,64*,17.54,0,100,4/24,27.46,0,68.0,0.0,-9.91
Hazratullah Zazai,2021-2022,Peshawar Zalmi,Afghanistan,132.7,Orthodox,3464,162*,25.28,3,1,1/19,19.00,0,41.0,0.0,6.28
JW Wells,2021-2021,Peshawar Zalmi,Hobart Hurricanes,121.5,Medium,3253,73,32.20,0,0,-,-,0,50.0,0.0,-
Mohammad Imran,2021-2021,Peshawar Zalmi,Fortune Barishal,50.0,Medium,39,13,4.33,0,79,6/16,23.29,1,10.0,0.0,-18.95
Mohammad Irfan,2021-2021,Peshawar Zalmi,Pakistan,48.8,Fast,,,,,,,,,,,
Mujeeb Ur Rahman,2021-2023,Peshawar Zalmi,Afghanistan,104.2,Offbreak,410,34,8.72,0,293,5/15,23.64,2,50.0,0.0,-14.92
R Powell,2021-2024,Peshawar Zalmi,West Indies,141.4,Medium,5338,107,24.94,1,26,2/21,45.84,0,149.0,0.0,-20.90
RS Bopara,2021-2021,Peshawar Zalmi,England,124.5,Medium,9948,108,28.10,3,292,6/16,25.59,1,158.0,0.0,2.50
SE Rutherford,2021-2022,Peshawar Zalmi,West Indies,138.4,Medium,3610,86,23.59,0,13,3/19,38.53,0,70.0,0.0,-14.94
T Kohler-Cadmore,2021-2025,Peshawar Zalmi,Sydney Thunder,141.3,Offbreak,6524,127,28.36,1,-,-,-,-,129.0,5.0,-
Waqar Salamkheil,2021-2024,Peshawar Zalmi,Hobart Hurricanes,48.8,Chinaman,23,7,11.50,0,113,4/14,21.49,0,7.0,0.0,-9.99
Ali Majid,2022-2022,Peshawar Zalmi,Peshawar Zalmi,112.5,Offbreak,22,9*,-,0,22,3/27,24.81,0,9.0,0.0,-
Arish Ali,2022-2022,Peshawar Zalmi,Quetta Gladiators,0.0,Offbreak,0,0*,0.00,0,9,4/28,18.22,0,4.0,0.0,-18.22
Arshad Iqbal,2022-2023,Peshawar Zalmi,Pakistan,38.5,Medium,31,11*,3.44,0,68,3/12,26.66,0,8.0,0.0,-23.21
BAC Howell,2022-2022,Peshawar Zalmi,Melbourne Renegades,137.3,Medium,3247,62*,22.39,0,255,5/18,23.12,1,112.0,0.0,-0.73
BCJ Cutting,2022-2022,Peshawar Zalmi,Australia,145.6,Medium,2921,81*,22.46,0,137,5/28,32.08,1,100.0,0.0,-9.61
Hussain Talat,2022-2025,Peshawar Zalmi,Pakistan,121.2,Medium,3895,101*,30.66,1,80,4/14,25.48,0,38.0,0.0,5.18
Mohammad Haris,2022-2025,Peshawar Zalmi,Pakistan,149.4,Offbreak,3001,107*,22.90,1,-,-,-,-,113.0,13.0,-
Mohammad Umar,2022-2022,Peshawar Zalmi,Multan Sultans,30.8,Medium,17,7*,3.40,0,17,3/22,30.41,0,7.0,0.0,-27.01
PR Brown,2022-2022,Peshawar Zalmi,England,69.8,Medium,67,10*,7.44,0,139,4/21,25.20,0,41.0,0.0,-17.76
Salman Irshad,2022-2024,Peshawar Zalmi,Dhaka Dominators,68.6,Medium,55,8*,4.58,0,96,4/27,27.55,0,9.0,0.0,-22.96
Sohail Khan,2022-2022,Peshawar Zalmi,Pakistan,96.1,Medium,675,45*,13.50,0,182,5/10,23.65,2,18.0,0.0,-10.15
Usman Qadir,2022-2023,Peshawar Zalmi,Pakistan,95.6,Legbreak,272,36,12.36,0,112,5/14,24.33,1,20.0,0.0,-11.96
Yasir Khan,2022-2022,Peshawar Zalmi,Peshawar Zalmi,141.7,,1152,107,26.18,2,-,-,-,-,13.0,0.0,-
Aamer Jamal,2023-2024,Peshawar Zalmi,Pakistan,136.7,Medium,525,87,19.44,0,43,5/23,33.62,1,21.0,0.0,-14.18
Azmatullah Omarzai,2023-2023,Peshawar Zalmi,Afghanistan,130.8,Medium,1527,62*,18.17,0,129,4/9,27.12,0,39.0,0.0,-8.94
Babar Azam,2023-2025,Peshawar Zalmi,Pakistan,128.7,Offbreak,11330,122,43.07,11,4,2/20,21.25,0,147.0,0.0,21.82
Haseebullah Khan,2023-2024,Peshawar Zalmi,Pakistan,136.6,,599,72,19.96,0,-,-,-,-,26.0,2.0,-
JDS Neesham,2023-2023,Peshawar Zalmi,New Zealand,140.9,Medium,4441,97*,23.49,0,260,5/22,25.03,1,124.0,0.0,-1.54
Khurram Shahzad,2023-2024,Peshawar Zalmi,Qatar,56.8,Offbreak,57,17*,6.33,0,56,4/22,25.26,0,11.0,0.0,-18.93
MD Shanaka,2023-2023,Peshawar Zalmi,Sri Lanka,132.4,Medium,4671,131*,26.38,3,99,4/16,25.66,0,91.0,0.0,0.72
PBB Rajapaksa,2023-2023,Peshawar Zalmi,Sri Lanka,137.2,Medium,4176,100,22.81,1,28,3/11,18.42,0,62.0,1.0,4.39
Saad Masood,2023-2023,Peshawar Zalmi,Peshawar Zalmi,141.7,Offbreak,179,63*,22.37,0,9,2/20,36.77,0,8.0,0.0,-14.40
Saim Ayub,2023-2025,Peshawar Zalmi,Pakistan,137.4,Medium,2795,98*,25.40,0,32,3/35,25.50,0,50.0,0.0,-0.09
Sufiyan Muqeem,2023-2025,Peshawar Zalmi,Pakistan,82.4,Orthodox,46,10,5.75,0,38,5/3,18.55,1,5.0,0.0,-12.80
Aimal Khan,2024-2024,Peshawar Zalmi,Quetta Gladiators,0.0,Medium,0,0*,-,0,3,2/26,59.33,0,0.0,0.0,-
Arif Yaqoob,2024-2025,Peshawar Zalmi,Peshawar Zalmi,122.2,Legbreak,19,9*,9.50,0,42,5/27,15.35,1,4.0,0.0,-5.85
Asif Ali,2024-2024,Peshawar Zalmi,Pakistan,141.9,Medium,4737,100,22.03,1,4,2/27,13.25,0,120.0,0.0,8.78
DR Mousley,2024-2024,Peshawar Zalmi,England,130.5,Offbreak,1596,68,22.47,0,70,4/19,21.42,0,56.0,0.0,1.05
L Wood,2024-2025,Peshawar Zalmi,England,115.8,Medium,419,33*,9.52,0,208,5/50,25.91,1,68.0,0.0,-16.39
Mehran Mumtaz,2024-2024,Peshawar Zalmi,Peshawar Zalmi,0.0,Orthodox,107,51,9.72,0,27,3/20,27.70,0,10.0,0.0,-17.97
Mohammad Zeeshan,2024-2024,Peshawar Zalmi,Peshawar Zalmi,0.0,Medium,0,0,0.00,0,1,1/38,134.00,0,0.0,0.0,-133.99
Naveen-ul-Haq,2024-2024,Peshawar Zalmi,Afghanistan,98.0,Medium,365,30*,8.69,0,267,5/11,24.26,1,60.0,0.0,-15.57
PI Walter,2024-2024,Peshawar Zalmi,Brisbane Heat,140.1,Medium,2446,78,19.72,0,116,3/20,27.29,0,86.0,0.0,-7.56
AS Joseph,2025-2025,Peshawar Zalmi,West Indies,107.1,Medium,484,29*,13.08,0,200,6/12,25.70,2,57.0,0.0,-12.62
Abdul Samad,2025-2025,Peshawar Zalmi,Japan,148.4,Legbreak,1642,76*,26.06,0,4,1/9,54.75,0,53.0,0.0,-28.68
Ahmed Daniyal,2025-2025,Peshawar Zalmi,Pakistan,110.6,Medium,82,24,10.25,0,39,4/28,29.76,0,8.0,0.0,-19.51
Ali Raza,2025-2025,Peshawar Zalmi,Estonia,157.9,,497,64,19.88,0,-,-,-,-,29.0,4.0,-
DR Sams,2025-2025,Peshawar Zalmi,Australia,151.6,Medium,2177,98*,16.74,0,250,5/30,24.63,1,81.0,0.0,-7.88
GF Linde,2025-2025,Peshawar Zalmi,South Africa,139.5,Orthodox,2417,66*,19.49,0,194,4/19,26.33,0,58.0,0.0,-6.84
M Bryant,2025-2025,Peshawar Zalmi,Brisbane Heat,139.8,Medium,1566,81,23.02,0,-,-,-,-,30.0,0.0,-
MJ Owen,2025-2025,Peshawar Zalmi,Australia,183.4,Medium,1095,108,25.46,2,26,5/17,26.84,1,25.0,0.0,-1.38
Maaz Sadaqat,2025-2025,Peshawar Zalmi,Peshawar Zalmi,166.0,,,,,,,,,,,,
Mohammad Ali,2025-2025,Peshawar Zalmi,Pakistan,42.9,Medium,36,11,12.00,0,62,5/24,18.04,1,13.0,0.0,-6.04
Ahmed Shehzad,2016-2020,Quetta Gladiators,Pakistan,119.5,Legbreak,7011,113*,29.09,5,12,2/10,28.66,0,101.0,0.0,0.42
Aizaz Cheema,2016-2016,Quetta Gladiators,Pakistan,40.0,Medium,29,6*,7.25,0,121,4/17,20.85,0,12.0,0.0,-13.60
Akbar-ur-Rehman,2016-2016,Quetta Gladiators,,0,,754,65*,19.33,0,17,2/13,29.76,0,28.0,0.0,-10.43
Anwar Ali,2016-2021,Quetta Gladiators,Pakistan,138.5,Medium,1607,65,17.27,0,173,4/30,30.43,0,72.0,0.0,-13.15
Asad Shafiq,2016-2018,Quetta Gladiators,Pakistan,110.5,Legbreak,2702,92*,24.34,0,7,2/7,25.71,0,61.0,0.0,-1.37
Bismillah Khan,2016-2016,Quetta Gladiators,,0,,1221,79*,20.35,0,-,-,-,-,43.0,10.0,-
E Chigumbura,2016-2016,Quetta Gladiators,Zimbabwe,140.5,Medium,2477,103*,22.31,1,77,5/13,24.76,1,60.0,0.0,-2.45
GD Elliott,2016-2016,Quetta Gladiators,New Zealand,119.7,Medium,2209,70,22.77,0,112,4/15,23.94,0,54.0,0.0,-1.17
KC Sangakkara,2016-2016,Quetta Gladiators,Sri Lanka,124.8,Offbreak,6937,94,29.27,0,-,-,-,-,167.0,60.0,-
KP Pietersen,2016-2018,Quetta Gladiators,England,134.9,Offbreak,5695,115*,33.89,3,17,3/33,31.41,0,66.0,0.0,2.48
LJ Wright,2016-2017,Quetta Gladiators,England,140.6,Medium,8526,153*,29.19,7,79,3/17,32.44,0,103.0,0.0,-3.24
Mohammad Nabi,2016-2016,Quetta Gladiators,Afghanistan,134.0,Offbreak,6516,89,21.08,0,388,5/15,24.82,1,217.0,0.0,-3.73
Mohammad Nawaz,2016-2023,Quetta Gladiators,Quetta Gladiators,100.0,Orthodox,3531,72,21.53,0,238,5/19,27.35,2,129.0,0.0,-5.82
NL McCullum,2016-2016,Quetta Gladiators,New Zealand,109.8,Offbreak,1618,76*,16.51,0,157,4/16,24.09,0,71.0,0.0,-7.58
Sarfaraz Ahmed,2016-2024,Quetta Gladiators,Pakistan,122.6,,4167,89*,28.15,0,0,-,-,0,145.0,51.0,-
Umar Gul,2016-2017,Quetta Gladiators,Pakistan,115.3,Medium,548,32,8.69,0,222,6/24,20.16,3,38.0,0.0,-11.46
Zulfiqar Babar,2016-2017,Quetta Gladiators,Pakistan,113.6,Orthodox,192,20*,12.00,0,103,4/15,22.76,0,23.0,0.0,-10.76
Anamul Haque,2017-2017,Quetta Gladiators,Bangladesh,117.8,,4180,105,23.88,3,-,-,-,-,85.0,24.0,-
Hassan Khan,2017-2022,Quetta Gladiators,Germany,141.7,Orthodox,963,57,19.65,0,63,4/30,31.19,0,42.0,0.0,-11.53
MN van Wyk,2017-2017,Quetta Gladiators,South Africa,132.2,Orthodox,4015,114*,30.88,1,-,-,-,-,85.0,26.0,-
Mahmudullah,2017-2018,Quetta Gladiators,Bangladesh,121.1,Offbreak,6236,73,25.14,0,135,3/6,25.28,0,143.0,0.0,-0.14
Mir Hamza,2017-2018,Quetta Gladiators,Karachi Kings,92.6,Medium,94,19*,18.80,0,75,4/9,27.92,0,13.0,0.0,-9.11
NLTC Perera,2017-2018,Quetta Gladiators,Sri Lanka,152.1,Medium,4873,103*,21.09,1,282,5/26,27.15,2,160.0,0.0,-6.05
RR Emrit,2017-2017,Quetta Gladiators,West Indies,112.4,Medium,463,54*,11.87,0,160,4/35,23.15,0,35.0,0.0,-11.28
RR Rossouw,2017-2025,Quetta Gladiators,South Africa,147.9,Offbreak,9434,121,29.20,9,3,1/3,10.66,0,159.0,0.0,18.54
SM Ervine,2017-2017,Quetta Gladiators,Duronto Rajshahi,124.7,Medium,3082,82,23.34,0,68,4/12,30.50,0,59.0,0.0,-7.15
Saad Nasim,2017-2017,Quetta Gladiators,Pakistan,121.0,Legbreak,1437,69*,22.80,0,42,3/21,31.38,0,47.0,0.0,-8.57
TS Mills,2017-2020,Quetta Gladiators,England,105.9,Fast,237,30,6.07,0,320,4/13,23.36,0,39.0,0.0,-17.29
B Laughlin,2018-2018,Quetta Gladiators,Australia,86.4,Medium,172,22,6.37,0,191,6/28,23.96,1,59.0,0.0,-17.59
JC Archer,2018-2018,Quetta Gladiators,England,138.3,Fast,715,36,14.30,0,225,4/18,23.47,0,57.0,0.0,-9.17
JJ Roy,2018-2024,Quetta Gladiators,England,140.0,,10554,145*,27.20,6,1,1/23,39.00,0,202.0,0.0,-11.79
JW Hastings,2018-2018,Quetta Gladiators,Australia,162.9,Medium,877,80*,16.86,0,116,4/26,24.70,0,25.0,0.0,-7.84
Rahat Ali,2018-2018,Quetta Gladiators,Czech Republic,81.1,Medium,,,,,,,,,,,
Rameez Raja,2018-2018,Quetta Gladiators,,0,Offbreak,66,21,13.20,0,0,-,-,0,1.0,0.0,-
SR Watson,2018-2020,Quetta Gladiators,Australia,138.3,Medium,8821,124*,29.30,6,216,4/15,27.02,0,101.0,0.0,2.27
T Kohler-Cadmore,2018-2018,Quetta Gladiators,Sydney Thunder,141.3,Offbreak,6524,127,28.36,1,-,-,-,-,129.0,5.0,-
Umar Amin,2018-2018,Quetta Gladiators,Pakistan,110.2,Medium,3448,82*,28.03,0,18,3/14,28.66,0,54.0,0.0,-0.63
Ahsan Ali,2019-2022,Quetta Gladiators,Pakistan,127.0,Legbreak,1453,85,23.06,0,1,1/9,9.00,0,20.0,0.0,14.06
Azam Khan,2019-2021,Quetta Gladiators,Pakistan,143.9,,3486,109*,22.93,1,-,-,-,-,83.0,20.0,-
DJ Bravo,2019-2019,Quetta Gladiators,West Indies,126.3,Medium,6970,70*,22.33,0,631,5/23,24.40,2,275.0,0.0,-2.06
DR Smith,2019-2019,Quetta Gladiators,West Indies,126.3,Medium,7870,110*,26.23,5,110,4/8,27.99,0,141.0,0.0,-1.75
Danish Aziz,2019-2025,Quetta Gladiators,Pakistan,117.5,Orthodox,1092,72*,26.00,0,39,3/16,26.51,0,21.0,0.0,-0.51
Fawad Ahmed,2019-2020,Quetta Gladiators,Australia,75.4,Legbreak,86,19,5.73,0,172,4/14,24.75,0,22.0,0.0,-19.02
Ghulam Mudassar,2019-2022,Quetta Gladiators,Sylhet Sixers,33.3,Medium,2,1*,0.50,0,26,3/6,32.65,0,1.0,0.0,-32.15
HF Gurney,2019-2019,Quetta Gladiators,England,73.3,Medium,27,6,3.85,0,190,5/30,22.58,1,18.0,0.0,-18.72
Mohammad Hasnain,2019-2024,Quetta Gladiators,Pakistan,83.6,Medium,117,22,7.31,0,139,4/25,27.64,0,15.0,0.0,-20.32
Mohammad Irfan,2019-2019,Quetta Gladiators,Pakistan,48.8,Fast,,,,,,,,,,,
Sohail Tanvir,2019-2022,Quetta Gladiators,Pakistan,115.3,Medium,2703,74*,16.78,0,389,6/14,26.36,2,73.0,0.0,-9.57
Umar Akmal,2019-2023,Quetta Gladiators,Pakistan,128.3,,5839,115*,28.20,1,1,1/36,36.00,0,165.0,13.0,-7.79
Abdul Nasir,2020-2021,Quetta Gladiators,Quetta Gladiators,25.0,Offbreak,1,1*,1.00,0,1,1/15,41.00,0,2.0,0.0,-39.99
BCJ Cutting,2020-2021,Quetta Gladiators,Australia,145.6,Medium,2921,81*,22.46,0,137,5/28,32.08,1,100.0,0.0,-9.61
Khurram Manzoor,2020-2020,Quetta Gladiators,Pakistan,103.2,Offbreak,3908,109,28.31,4,3,1/3,24.66,0,43.0,0.0,3.65
Naseem Shah,2020-2023,Quetta Gladiators,Pakistan,115.2,Fast,253,27,7.22,0,132,5/20,29.34,1,21.0,0.0,-22.11
Sohail Khan,2020-2024,Quetta Gladiators,Pakistan,96.1,Medium,675,45*,13.50,0,182,5/10,23.65,2,18.0,0.0,-10.15
Zahid Mahmood,2020-2021,Quetta Gladiators,Pakistan,66.7,Legbreak,184,20,11.50,0,98,5/16,21.39,1,6.0,0.0,-9.89
AD Russell,2021-2021,Quetta Gladiators,West Indies,167.6,Fast,9449,121*,26.32,2,496,5/15,25.87,1,238.0,0.0,0.44
Arish Ali,2021-2021,Quetta Gladiators,Quetta Gladiators,0.0,Offbreak,0,0*,0.00,0,9,4/28,18.22,0,4.0,0.0,-18.22
CH Gayle,2021-2021,Quetta Gladiators,West Indies,144.1,Offbreak,14562,175*,36.22,22,83,4/22,31.54,0,104.0,0.0,4.68
CS Delport,2021-2021,Quetta Gladiators,Sydney Thunder,139.5,Medium,6290,129,25.05,5,71,4/17,29.45,0,88.0,0.0,-4.39
DW Steyn,2021-2021,Quetta Gladiators,South Africa,107.1,Fast,313,27*,8.45,0,263,4/9,22.00,0,55.0,0.0,-13.54
F du Plessis,2021-2021,Quetta Gladiators,South Africa,139.2,Legbreak,11906,120*,32.88,8,50,5/19,18.34,2,211.0,0.0,14.54
J Weatherald,2021-2021,Quetta Gladiators,Adelaide Strikers,130.9,Legbreak,2324,115,25.82,1,-,-,-,-,35.0,0.0,-
JD Wildermuth,2021-2021,Quetta Gladiators,Australia,118.0,Medium,308,31,10.62,0,42,3/16,34.92,0,10.0,0.0,-24.30
Khurram Shahzad,2021-2025,Quetta Gladiators,Qatar,56.8,Offbreak,57,17*,6.33,0,56,4/22,25.26,0,11.0,0.0,-18.93
Qais Ahmad,2021-2023,Quetta Gladiators,Afghanistan,127.6,Legbreak,741,50*,12.35,0,198,5/18,23.37,1,66.0,0.0,-11.02
Saim Ayub,2021-2021,Quetta Gladiators,Pakistan,137.4,Medium,2795,98*,25.40,0,32,3/35,25.50,0,50.0,0.0,-0.09
T Banton,2021-2021,Quetta Gladiators,England,141.9,,4703,107*,27.02,4,-,-,-,-,101.0,10.0,-
Usman Khan,2021-2021,Quetta Gladiators,France,139.6,Medium,1944,123,30.85,5,-,-,-,-,31.0,5.0,-
Usman Shinwari,2021-2021,Quetta Gladiators,Pakistan,100.0,Medium,153,36*,10.92,0,128,5/9,25.13,2,26.0,0.0,-14.20
Zahir Khan,2021-2021,Quetta Gladiators,Afghanistan,76.9,Chinaman,106,19*,4.60,0,142,5/19,24.05,1,13.0,0.0,-19.44
Zahoor Khan,2021-2021,Quetta Gladiators,United Arab Emirates,51.7,Medium,15,6,3.00,0,97,4/16,21.87,0,14.0,0.0,-18.87
Abdul Bangalzai,2022-2023,Quetta Gladiators,Quetta Gladiators,65.2,,879,79,23.75,0,2,2/25,31.50,0,10.0,0.0,-7.74
Ashir Qureshi,2022-2022,Quetta Gladiators,Quetta Gladiators,0.0,Legbreak,0,0,0.00,0,1,1/31,72.00,0,0.0,0.0,-71.99
BM Duckett,2022-2022,Quetta Gladiators,England,140.6,Offbreak,5397,96,30.49,0,-,-,-,-,107.0,2.0,-
Iftikhar Ahmed,2022-2023,Quetta Gladiators,Pakistan,129.3,Offbreak,6007,100*,29.73,1,85,3/5,29.85,0,144.0,0.0,-0.12
JM Vince,2022-2022,Quetta Gladiators,England,137.3,Medium,12655,129*,31.95,7,3,1/5,29.00,0,259.0,0.0,2.95
JP Faulkner,2022-2022,Quetta Gladiators,Australia,126.6,Medium,1953,73,21.46,0,262,5/16,22.80,3,69.0,0.0,-1.33
L Wood,2022-2022,Quetta Gladiators,England,115.8,Medium,419,33*,9.52,0,208,5/50,25.91,1,68.0,0.0,-16.39
Mohammad Irfan,2022-2022,Quetta Gladiators,Pakistan,48.8,Fast,,,,,,,,,,,
Noor Ahmad,2022-2022,Quetta Gladiators,Afghanistan,95.8,Chinaman,221,20,6.13,0,209,5/11,21.51,2,40.0,0.0,-15.37
Shahid Afridi,2022-2022,Quetta Gladiators,Pakistan,152.3,Legbreak,4399,101,18.25,1,347,5/7,22.78,2,97.0,0.0,-4.53
WCF Smeed,2022-2023,Quetta Gladiators,St Kitts and Nevis Patriots,148.7,Offbreak,3371,101*,27.40,1,-,-,-,-,59.0,0.0,-
Aimal Khan,2023-2023,Quetta Gladiators,Quetta Gladiators,0.0,Medium,0,0*,-,0,3,2/26,59.33,0,0.0,0.0,-
D Pretorius,2023-2023,Quetta Gladiators,South Africa,138.4,Medium,2969,77*,19.92,0,246,5/17,24.26,1,55.0,0.0,-4.33
MJ Guptill,2023-2023,Quetta Gladiators,New Zealand,130.7,Offbreak,,,,,,,,,,,
Mohammad Hafeez,2023-2023,Quetta Gladiators,Pakistan,116.7,Offbreak,7946,102*,25.79,2,202,4/10,24.00,0,111.0,0.0,1.78
N Thushara,2023-2023,Quetta Gladiators,Sri Lanka,65.1,Medium,40,7*,4.00,0,170,5/13,19.84,2,15.0,0.0,-15.84
Najibullah Zadran,2023-2023,Quetta Gladiators,Afghanistan,133.0,Offbreak,4475,97*,26.47,0,2,1/5,11.00,0,90.0,0.0,15.47
Naveen-ul-Haq,2023-2023,Quetta Gladiators,Afghanistan,98.0,Medium,365,30*,8.69,0,267,5/11,24.26,1,60.0,0.0,-15.57
OF Smith,2023-2023,Quetta Gladiators,West Indies,128.8,Medium,818,44,16.69,0,101,4/30,27.90,0,36.0,0.0,-11.20
Omair Yousuf,2023-2024,Quetta Gladiators,Pakistan,125.6,,1043,78*,30.67,0,-,-,-,-,20.0,0.0,-
Umaid Asif,2023-2023,Quetta Gladiators,Sialkot Stallions,160.6,Medium,437,40,12.85,0,127,5/20,26.20,1,34.0,0.0,-13.35
Yasir Khan,2023-2023,Quetta Gladiators,Peshawar Zalmi,141.7,,1152,107,26.18,2,-,-,-,-,13.0,0.0,-
AJ Hosein,2024-2025,Quetta Gladiators,West Indies,110.9,Orthodox,1059,55*,15.57,0,224,5/11,25.41,1,47.0,0.0,-9.84
Abrar Ahmed,2024-2025,Quetta Gladiators,Pakistan,76.8,Legbreak,42,12,3.50,0,83,4/9,21.16,0,16.0,0.0,-17.66
Khawaja Nafay,2024-2025,Quetta Gladiators,Chattogram Challengers,132.5,Offbreak,688,68,23.72,0,-,-,-,-,16.0,0.0,-
LJ Evans,2024-2024,Quetta Gladiators,Perth Scorchers,138.3,Medium,7305,118*,29.69,3,1,1/5,35.00,0,149.0,4.0,-5.30
Mohammad Amir,2024-2025,Quetta Gladiators,Pakistan,103.4,Fast,458,30,7.15,0,409,6/17,22.40,2,43.0,0.0,-15.25
Mohammad Wasim,2024-2025,Quetta Gladiators,Pakistan,117.2,Medium,353,34,12.17,0,117,4/24,26.00,0,51.0,0.0,-13.82
SE Rutherford,2024-2024,Quetta Gladiators,West Indies,138.4,Medium,3610,86,23.59,0,13,3/19,38.53,0,70.0,0.0,-14.94
Sajjad Ali,2024-2024,Quetta Gladiators,,0,,536,90,29.77,0,-,-,-,-,12.0,1.0,-
Saud Shakeel,2024-2025,Quetta Gladiators,Quetta Gladiators,130.2,Slow,1392,88*,25.30,0,13,2/26,26.92,0,26.0,0.0,-1.61
Usman Tariq,2024-2025,Quetta Gladiators,Trinbago Knight Riders,84.6,Offbreak,27,7*,13.50,0,53,4/17,18.07,0,5.0,0.0,-4.57
Ali Majid,2025-2025,Quetta Gladiators,Peshawar Zalmi,112.5,Offbreak,22,9*,-,0,22,3/27,24.81,0,9.0,0.0,-
BKG Mendis,2025-2025,Quetta Gladiators,Sri Lanka,135.4,Legbreak,5101,105*,30.18,2,0,-,-,0,84.0,23.0,-
FH Allen,2025-2025,Quetta Gladiators,New Zealand,173.1,,4415,151,28.85,4,0,-,-,0,73.0,2.0,-
Faheem Ashraf,2025-2025,Quetta Gladiators,Pakistan,142.9,Medium,2203,55,17.48,0,232,6/19,26.03,3,84.0,0.0,-8.55
Hasan Nawaz,2025-2025,Quetta Gladiators,Pakistan,160.0,,1340,105*,27.91,2,0,-,-,0,31.0,0.0,-
Haseebullah Khan,2025-2025,Quetta Gladiators,Pakistan,136.6,,599,72,19.96,0,-,-,-,-,26.0,2.0,-
KA Jamieson,2025-2025,Quetta Gladiators,New Zealand,130.5,Medium,461,45*,20.95,0,99,6/7,24.76,1,22.0,0.0,-3.81
LD Chandimal,2025-2025,Quetta Gladiators,Sri Lanka,121.4,Offbreak,5131,101*,29.83,1,-,-,-,-,104.0,32.0,-
MS Chapman,2025-2025,Quetta Gladiators,Hong Kong,135.8,Orthodox,3850,104*,26.19,2,22,3/22,29.63,0,71.0,0.0,-3.44
Mohammad Zeeshan,2025-2025,Quetta Gladiators,Peshawar Zalmi,0.0,Medium,0,0,0.00,0,1,1/38,134.00,0,0.0,0.0,-133.99
SA Abbott,2025-2025,Quetta Gladiators,Australia,118.9,Medium,941,110*,11.91,1,254,5/16,21.33,2,104.0,0.0,-9.41
Shoaib Malik,2025-2025,Quetta Gladiators,Pakistan,125.2,Offbreak,13571,95*,35.99,0,187,5/13,27.70,2,238.0,0.0,8.29
WIA Fernando,2025-2025,Quetta Gladiators,Sri Lanka,134.6,Medium,3606,100,27.52,1,0,-,-,0,42.0,0.0,-
Player,Span,Team,Country,SR,Bowling Style,,,,,,,,,,,
