Player,Span,Country,SR,Bowling Style,Team,Runs,HS,Bat Av,100,Wkts,BBI,Bowl Av,5,Ct,St,Ave Diff
AF Milne,2021-2025,New Zealand,112.8,Fast,Birmingham Phoenix,477.0,22,11.35,0.0,226.0,'5/11,24.02,2.0,51.0,0.0,-12.66
BAC Howell,2021-2025,Melbourne Renegades,137.3,Medium,Birmingham Phoenix,3070.0,62*,22.74,0.0,231.0,'5/18,23.0,1.0,96.0,0.0,-0.26
BM Duckett,2021-2022,England,140.6,Offbreak,Birmingham Phoenix,5159.0,96,30.89,0.0,0.0,0,0.0,0.0,98.0,2.0,0.0
CB Cooke,2021-2021,Birmingham Phoenix (Men),138.4,,Birmingham Phoenix,2797.0,113*,23.5,1.0,0.0,0,0.0,0.0,98.0,17.0,0.0
CG Benjamin,2021-2023,Sharjah Warriors,136.7,Medium,Birmingham Phoenix,962.0,68*,20.46,0.0,0.0,0,0.0,0.0,32.0,1.0,0.0
CP Wood,2021-2023,Hampshire,112.9,Medium,Birmingham Phoenix,554.0,31,11.54,0.0,214.0,'5/32,26.41,1.0,47.0,0.0,-14.86
DG Bedingham,2021-2021,Cape Town Blitz,133.2,,Birmingham Phoenix,1624.0,78,21.36,0.0,0.0,0,0.0,0.0,18.0,1.0,0.0
DJ Bell-Drummond,2021-2021,Rajshahi Kings,137.4,Medium,Birmingham Phoenix,4722.0,112*,30.86,2.0,5.0,'2/19,38.2,0.0,53.0,0.0,-7.33
DY Pennington,2021-2021,Birmingham Phoenix (Men),80.0,Medium,Birmingham Phoenix,68.0,10*,7.55,0.0,55.0,'4/9,28.76,0.0,19.0,0.0,-21.2
FH Allen,2021-2021,New Zealand,173.1,,Birmingham Phoenix,4029.0,137,28.37,3.0,0.0,0,0.0,0.0,68.0,2.0,0.0
Imran Tahir,2021-2022,South Africa,101.3,Legbreak,Birmingham Phoenix,377.0,23,8.56,0.0,533.0,'5/23,19.95,4.0,104.0,0.0,-11.38
LS Livingstone,2021-2025,England,144.4,Legbreak,Birmingham Phoenix,6859.0,103,27.54,2.0,130.0,'4/17,26.45,0.0,122.0,0.0,1.09
MAH Hammond,2021-2022,Birmingham Phoenix (Men),133.7,Offbreak,Birmingham Phoenix,2193.0,80,22.37,0.0,0.0,0,0.0,0.0,58.0,0.0,0.0
MM Ali,2021-2024,England,139.7,Offbreak,Birmingham Phoenix,7140.0,121*,24.12,3.0,249.0,'5/34,24.73,1.0,117.0,0.0,-0.61
PR Brown,2021-2021,England,69.8,Medium,Birmingham Phoenix,64.0,10*,8.0,0.0,127.0,'4/21,23.88,0.0,32.0,0.0,-15.88
TB Abell,2021-2021,Brisbane Heat,133.5,Medium,Birmingham Phoenix,3277.0,101*,30.06,1.0,2.0,'1/11,50.0,0.0,84.0,0.0,-19.93
TG Helm,2021-2024,Gulf Giants,100.7,Medium,Birmingham Phoenix,275.0,28*,11.95,0.0,109.0,'5/11,27.0,1.0,22.0,0.0,-15.04
WCF Smeed,2021-2025,St Kitts and Nevis Patriots,148.7,Offbreak,Birmingham Phoenix,2626.0,101*,26.26,1.0,0.0,0,0.0,0.0,48.0,0.0,0.0
BJ Dwarshuis,2022-2022,Australia,143.3,Medium,Birmingham Phoenix,845.0,66,18.36,0.0,183.0,'5/21,23.36,2.0,34.0,0.0,-4.99
BL D'Oliveira,2022-2022,Birmingham Phoenix (Men),128.4,Legbreak,Birmingham Phoenix,2375.0,71,23.98,0.0,83.0,'4/11,29.77,0.0,43.0,0.0,-5.78
DJ Bell-Drummond,2022-2024,Rajshahi Kings,137.4,Medium,Birmingham Phoenix,4722.0,112*,30.86,2.0,5.0,'2/19,38.2,0.0,53.0,0.0,-7.33
DR Mousley,2022-2025,England,130.5,Offbreak,Birmingham Phoenix,1185.0,68,20.78,0.0,57.0,'4/28,19.87,0.0,44.0,0.0,0.91
HJH Brookes,2022-2022,Birmingham Phoenix (Men),124.4,Medium,Birmingham Phoenix,195.0,31*,11.47,0.0,63.0,'5/25,27.09,1.0,14.0,0.0,-15.62
JG Bethell,2022-2022,England,140.7,Orthodox,Birmingham Phoenix,1194.0,87,24.87,0.0,11.0,'2/5,26.9,0.0,34.0,0.0,-2.03
JK Fuller,2022-2023,Fortune Barishal,140.2,Fast,Birmingham Phoenix,1893.0,57,20.13,0.0,173.0,'6/28,25.84,1.0,81.0,0.0,-5.7
KW Richardson,2022-2023,Australia,111.9,Medium,Birmingham Phoenix,404.0,45,11.22,0.0,240.0,'4/22,23.45,0.0,77.0,0.0,-12.22
MS Wade,2022-2022,Australia,137.4,,Birmingham Phoenix,5267.0,130*,26.73,1.0,0.0,0,0.0,0.0,150.0,20.0,0.0
PR Brown,2022-2022,England,69.8,Medium,Birmingham Phoenix,64.0,10*,8.0,0.0,127.0,'4/21,23.88,0.0,32.0,0.0,-15.88
SA Abbott,2022-2022,Australia,118.9,Medium,Birmingham Phoenix,929.0,110*,11.91,1.0,250.0,'5/16,20.88,2.0,100.0,0.0,-8.97
SG Budinger,2022-2022,Birmingham Phoenix (Men),148.5,,Birmingham Phoenix,303.0,50,13.17,0.0,2.0,'2/21,10.5,0.0,7.0,0.0,2.67
T Sangha,2022-2023,Australia,88.4,Legbreak,Birmingham Phoenix,36.0,17*,9.0,0.0,68.0,'4/14,20.01,0.0,14.0,0.0,-11.01
BM Duckett,2023-2025,England,140.6,Offbreak,Birmingham Phoenix,5159.0,96,30.89,0.0,0.0,0,0.0,0.0,98.0,2.0,0.0
CR Woakes,2023-2023,England,125.9,Medium,Birmingham Phoenix,1031.0,57*,20.21,0.0,177.0,'4/21,25.24,0.0,64.0,0.0,-5.02
FH Allen,2023-2023,New Zealand,173.1,,Birmingham Phoenix,4029.0,137,28.37,3.0,0.0,0,0.0,0.0,68.0,2.0,0.0
JG Bethell,2023-2025,England,140.7,Orthodox,Birmingham Phoenix,1194.0,87,24.87,0.0,11.0,'2/5,26.9,0.0,34.0,0.0,-2.03
JL Smith,2023-2024,England,144.4,,Birmingham Phoenix,1382.0,87,23.42,0.0,0.0,0,0.0,0.0,48.0,10.0,0.0
MS Wade,2023-2023,Australia,137.4,,Birmingham Phoenix,5267.0,130*,26.73,1.0,0.0,0,0.0,0.0,150.0,20.0,0.0
Shadab Khan,2023-2023,Pakistan,136.5,Legbreak,Birmingham Phoenix,3263.0,91,18.33,0.0,336.0,'5/28,24.01,1.0,115.0,0.0,-5.68
TB Abell,2023-2025,Brisbane Heat,133.5,Medium,Birmingham Phoenix,3277.0,101*,30.06,1.0,2.0,'1/11,50.0,0.0,84.0,0.0,-19.93
TG Southee,2023-2023,New Zealand,131.5,Medium,Birmingham Phoenix,921.0,74,10.96,0.0,343.0,'6/16,24.3,4.0,131.0,0.0,-13.34
AHT Donald,2024-2025,Birmingham Phoenix (Men),157.1,Offbreak,Birmingham Phoenix,1340.0,84,19.7,0.0,0.0,0,0.0,0.0,42.0,0.0,0.0
BJ Dwarshuis,2024-2024,Australia,143.3,Medium,Birmingham Phoenix,845.0,66,18.36,0.0,183.0,'5/21,23.36,2.0,34.0,0.0,-4.99
CP Wood,2024-2025,Hampshire,112.9,Medium,Birmingham Phoenix,554.0,31,11.54,0.0,214.0,'5/32,26.41,1.0,47.0,0.0,-14.86
DY Pennington,2024-2024,Birmingham Phoenix (Men),80.0,Medium,Birmingham Phoenix,68.0,10*,7.55,0.0,55.0,'4/9,28.76,0.0,19.0,0.0,-21.2
JK Fuller,2024-2024,Fortune Barishal,140.2,Fast,Birmingham Phoenix,1893.0,57,20.13,0.0,173.0,'6/28,25.84,1.0,81.0,0.0,-5.7
LPJ Kimber,2024-2025,Birmingham Phoenix (Men),158.7,,Birmingham Phoenix,539.0,59*,19.96,0.0,1.0,'1/23,97.0,0.0,20.0,0.0,-77.03
PR Brown,2024-2024,England,69.8,Medium,Birmingham Phoenix,64.0,10*,8.0,0.0,127.0,'4/21,23.88,0.0,32.0,0.0,-15.88
RK Patel,2024-2024,Birmingham Phoenix (Men),136.1,Legbreak,Birmingham Phoenix,1234.0,104,23.28,2.0,0.0,0,0.0,0.0,17.0,0.0,0.0
SA Abbott,2024-2024,Australia,118.9,Medium,Birmingham Phoenix,929.0,110*,11.91,1.0,250.0,'5/16,20.88,2.0,100.0,0.0,-8.97
TG Southee,2024-2025,New Zealand,131.5,Medium,Birmingham Phoenix,921.0,74,10.96,0.0,343.0,'6/16,24.3,4.0,131.0,0.0,-13.34
DY Pennington,2025-2025,Birmingham Phoenix (Men),80.0,Medium,Birmingham Phoenix,68.0,10*,7.55,0.0,55.0,'4/9,28.76,0.0,19.0,0.0,-21.2
JL Smith,2025-2025,England,144.4,,Birmingham Phoenix,1382.0,87,23.42,0.0,0.0,0,0.0,0.0,48.0,10.0,0.0
MAH Hammond,2025-2025,Birmingham Phoenix (Men),133.7,Offbreak,Birmingham Phoenix,2193.0,80,22.37,0.0,0.0,0,0.0,0.0,58.0,0.0,0.0
AM Rossington,2021-2024,Durdanto Dhaka,146.5,,London Spirit,3506.0,95,20.99,0.0,0.0,0,0.0,0.0,82.0,33.0,0.0
BC Cullen,2021-2021,London Spirit (Men),111.6,Medium,London Spirit,96.0,20*,9.6,0.0,53.0,'4/32,23.13,0.0,8.0,0.0,-13.53
BTJ Wheal,2021-2022,Scotland,87.3,Medium,London Spirit,48.0,16,6.0,0.0,86.0,'5/38,22.72,1.0,15.0,0.0,-16.72
CP Wood,2021-2023,Hampshire,112.9,Medium,London Spirit,554.0,31,11.54,0.0,214.0,'5/32,26.41,1.0,47.0,0.0,-14.86
D Wiese,2021-2021,South Africa,141.5,Medium,London Spirit,4464.0,79*,23.01,0.0,324.0,'5/19,25.82,7.0,146.0,0.0,-2.81
DJ Bell-Drummond,2021-2021,Rajshahi Kings,137.4,Medium,London Spirit,4722.0,112*,30.86,2.0,5.0,'2/19,38.2,0.0,53.0,0.0,-7.33
DW Lawrence,2021-2024,Brisbane Heat,141.9,Offbreak,London Spirit,3154.0,93,24.64,0.0,57.0,'4/20,22.63,0.0,54.0,0.0,2.0
EJG Morgan,2021-2022,England,130.9,Medium,London Spirit,7780.0,91,26.02,0.0,0.0,0,0.0,0.0,160.0,0.0,0.0
JA Thompson,2021-2021,Hobart Hurricanes,153.8,Medium,London Spirit,1087.0,74,16.72,0.0,119.0,'5/21,24.76,1.0,40.0,0.0,-8.04
JB Cracknell,2021-2021,London Spirit (Men),133.0,,London Spirit,1148.0,77,22.5,0.0,0.0,0,0.0,0.0,25.0,0.0,0.0
JL Denly,2021-2021,England,127.4,Legbreak,London Spirit,6795.0,127,26.85,5.0,50.0,'4/19,25.98,0.0,108.0,0.0,0.87
JP Inglis,2021-2022,Australia,150.9,,London Spirit,3462.0,118*,30.1,4.0,0.0,0,0.0,0.0,102.0,20.0,0.0
JW Dernbach,2021-2021,England,99.1,Medium,London Spirit,194.0,24*,7.46,0.0,183.0,'4/22,26.66,0.0,41.0,0.0,-19.2
LA Dawson,2021-2021,England,121.4,Orthodox,London Spirit,2817.0,82,17.94,0.0,237.0,'5/17,25.95,1.0,115.0,0.0,-8.01
LM Reece,2021-2021,Chittagong Vikings,130.6,Medium,London Spirit,2040.0,97*,21.93,0.0,33.0,'3/33,32.33,0.0,43.0,0.0,-10.39
MJJ Critchley,2021-2022,Melbourne Renegades,123.1,Legbreak,London Spirit,1973.0,80*,21.44,0.0,120.0,'5/28,24.73,1.0,43.0,0.0,-3.28
MS Crane,2021-2023,England,95.5,Legbreak,London Spirit,153.0,19,21.85,0.0,118.0,'4/24,23.43,0.0,29.0,0.0,-1.57
Mohammad Amir,2021-2021,Pakistan,103.4,Fast,London Spirit,431.0,30,7.18,0.0,374.0,'6/17,22.44,2.0,40.0,0.0,-15.25
Mohammad Nabi,2021-2021,Afghanistan,134.0,Offbreak,London Spirit,6193.0,89,20.99,0.0,376.0,'5/15,24.67,1.0,208.0,0.0,-3.67
RE van der Merwe,2021-2021,South Africa,134.9,Orthodox,London Spirit,3075.0,89*,21.35,0.0,328.0,'6/20,24.08,2.0,149.0,0.0,-2.73
RF Higgins,2021-2022,Welsh Fire (Men),132.9,Medium,London Spirit,2095.0,77*,24.36,0.0,93.0,'5/13,25.74,1.0,39.0,0.0,-1.38
RS Bopara,2021-2024,England,124.5,Medium,London Spirit,9486.0,108,27.65,2.0,291.0,'6/16,25.27,1.0,155.0,0.0,2.38
Z Crawley,2021-2023,Hobart Hurricanes,139.2,Offbreak,London Spirit,1859.0,108*,24.46,1.0,0.0,0,0.0,0.0,39.0,0.0,0.0
AD Russell,2022-2022,West Indies,167.6,Fast,London Spirit,9175.0,121*,26.51,2.0,474.0,'5/15,25.53,1.0,225.0,0.0,0.98
BR McDermott,2022-2022,Australia,136.2,Medium,London Spirit,4571.0,127,30.67,3.0,0.0,0,0.0,0.0,103.0,13.0,0.0
D Wiese,2022-2023,South Africa,141.5,Medium,London Spirit,4464.0,79*,23.01,0.0,324.0,'5/19,25.82,7.0,146.0,0.0,-2.81
DJ Bell-Drummond,2022-2024,Rajshahi Kings,137.4,Medium,London Spirit,4722.0,112*,30.86,2.0,5.0,'2/19,38.2,0.0,53.0,0.0,-7.33
GJ Maxwell,2022-2022,Australia,154.9,Offbreak,London Spirit,10425.0,154*,27.8,7.0,178.0,'3/10,30.58,0.0,239.0,0.0,-2.78
JA Thompson,2022-2023,Hobart Hurricanes,153.8,Medium,London Spirit,1087.0,74,16.72,0.0,119.0,'5/21,24.76,1.0,40.0,0.0,-8.04
KA Pollard,2022-2022,West Indies,149.9,Medium,London Spirit,13537.0,104,31.33,1.0,326.0,'4/15,24.95,0.0,384.0,0.0,6.37
LA Dawson,2022-2025,England,121.4,Orthodox,London Spirit,2817.0,82,17.94,0.0,237.0,'5/17,25.95,1.0,115.0,0.0,-8.01
MS Pepper,2022-2025,Abu Dhabi Knight Riders,150.1,,London Spirit,2237.0,120*,26.63,2.0,0.0,0,0.0,0.0,36.0,2.0,0.0
MS Wade,2022-2022,Australia,137.4,,London Spirit,5267.0,130*,26.73,1.0,0.0,0,0.0,0.0,150.0,20.0,0.0
NT Ellis,2022-2024,Australia,111.2,Medium,London Spirit,477.0,40,11.09,0.0,194.0,'4/6,23.55,0.0,57.0,0.0,-12.46
OJ Pope,2022-2022,Adelaide Strikers,131.5,,London Spirit,1505.0,99*,27.36,0.0,0.0,0,0.0,0.0,29.0,3.0,0.0
RE van der Merwe,2022-2022,South Africa,134.9,Orthodox,London Spirit,3075.0,89*,21.35,0.0,328.0,'6/20,24.08,2.0,149.0,0.0,-2.73
RJ Gleeson,2022-2023,England,70.8,Medium,London Spirit,57.0,8,5.18,0.0,129.0,'5/33,23.76,1.0,21.0,0.0,-18.58
DJ Mitchell,2023-2023,New Zealand,138.2,Medium,London Spirit,5178.0,88*,31.0,0.0,81.0,'4/32,24.75,0.0,122.0,0.0,6.25
DJ Worrall,2023-2025,Melbourne Stars,99.5,Medium,London Spirit,172.0,62*,12.28,0.0,98.0,'4/23,28.12,0.0,26.0,0.0,-15.83
MJJ Critchley,2023-2024,Melbourne Renegades,123.1,Legbreak,London Spirit,1973.0,80*,21.44,0.0,120.0,'5/28,24.73,1.0,43.0,0.0,-3.28
MS Pepper,2023-2024,Abu Dhabi Knight Riders,150.1,,London Spirit,2237.0,120*,26.63,2.0,0.0,0,0.0,0.0,36.0,2.0,0.0
MS Wade,2023-2023,Australia,137.4,,London Spirit,5267.0,130*,26.73,1.0,0.0,0,0.0,0.0,150.0,20.0,0.0
RE van der Merwe,2023-2023,South Africa,134.9,Orthodox,London Spirit,3075.0,89*,21.35,0.0,328.0,'6/20,24.08,2.0,149.0,0.0,-2.73
TG Southee,2023-2023,New Zealand,131.5,Medium,London Spirit,921.0,74,10.96,0.0,343.0,'6/16,24.3,4.0,131.0,0.0,-13.34
AD Russell,2024-2024,West Indies,167.6,Fast,London Spirit,9175.0,121*,26.51,2.0,474.0,'5/15,25.53,1.0,225.0,0.0,0.98
CP Wood,2024-2025,Hampshire,112.9,Medium,London Spirit,554.0,31,11.54,0.0,214.0,'5/32,26.41,1.0,47.0,0.0,-14.86
JA Thompson,2024-2024,Hobart Hurricanes,153.8,Medium,London Spirit,1087.0,74,16.72,0.0,119.0,'5/21,24.76,1.0,40.0,0.0,-8.04
KA Pollard,2024-2024,West Indies,149.9,Medium,London Spirit,13537.0,104,31.33,1.0,326.0,'4/15,24.95,0.0,384.0,0.0,6.37
KK Jennings,2024-2025,Perth Scorchers,132.7,Medium,London Spirit,2040.0,108,31.87,1.0,22.0,'4/37,28.54,0.0,22.0,0.0,3.32
MS Crane,2024-2024,England,95.5,Legbreak,London Spirit,153.0,19,21.85,0.0,118.0,'4/24,23.43,0.0,29.0,0.0,-1.57
Mohammad Amir,2024-2024,Pakistan,103.4,Fast,London Spirit,431.0,30,7.18,0.0,374.0,'6/17,22.44,2.0,40.0,0.0,-15.25
OJ Pope,2024-2025,Adelaide Strikers,131.5,,London Spirit,1505.0,99*,27.36,0.0,0.0,0,0.0,0.0,29.0,3.0,0.0
OP Stone,2024-2025,England,89.2,Fast,London Spirit,170.0,22*,6.8,0.0,109.0,'4/14,26.65,0.0,33.0,0.0,-19.85
RF Higgins,2024-2025,Welsh Fire (Men),132.9,Medium,London Spirit,2095.0,77*,24.36,0.0,93.0,'5/13,25.74,1.0,39.0,0.0,-1.38
RJ Gleeson,2024-2025,England,70.8,Medium,London Spirit,57.0,8,5.18,0.0,129.0,'5/33,23.76,1.0,21.0,0.0,-18.58
SO Hetmyer,2024-2024,West Indies,142.4,Legbreak,London Spirit,5121.0,100,26.12,1.0,0.0,0,0.0,0.0,132.0,0.0,0.0
TG Southee,2024-2025,New Zealand,131.5,Medium,London Spirit,921.0,74,10.96,0.0,343.0,'6/16,24.3,4.0,131.0,0.0,-13.34
DW Lawrence,2025-2025,Brisbane Heat,141.9,Offbreak,London Spirit,3154.0,93,24.64,0.0,57.0,'4/20,22.63,0.0,54.0,0.0,2.0
JA Thompson,2025-2025,Hobart Hurricanes,153.8,Medium,London Spirit,1087.0,74,16.72,0.0,119.0,'5/21,24.76,1.0,40.0,0.0,-8.04
Mohammad Amir,2025-2025,Pakistan,103.4,Fast,London Spirit,431.0,30,7.18,0.0,374.0,'6/17,22.44,2.0,40.0,0.0,-15.25
Z Crawley,2025-2025,Hobart Hurricanes,139.2,Offbreak,London Spirit,1859.0,108*,24.46,1.0,0.0,0,0.0,0.0,39.0,0.0,0.0
BA Raine,2021-2022,Otago,131.0,Medium,Manchester Originals,1391.0,113,18.54,1.0,132.0,'5/21,24.11,1.0,25.0,0.0,-5.56
C Munro,2021-2021,New Zealand,140.1,Medium,Manchester Originals,11223.0,114*,30.16,5.0,31.0,'4/15,32.8,0.0,131.0,0.0,-2.63
CG Harrison,2021-2023,Manchester Originals (Men),113.8,Legbreak,Manchester Originals,227.0,23,10.31,0.0,53.0,'5/11,22.45,1.0,29.0,0.0,-12.13
CN Ackermann,2021-2022,Netherlands,125.1,Offbreak,Manchester Originals,4311.0,90*,26.28,0.0,93.0,'7/18,27.86,1.0,91.0,0.0,-1.57
CR Brathwaite,2021-2021,West Indies,136.0,Medium,Manchester Originals,2385.0,64*,15.69,0.0,248.0,'4/14,25.75,0.0,108.0,0.0,-10.05
DA Douthwaite,2021-2021,Manchester Originals (Men),138.4,Medium,Manchester Originals,630.0,53,17.02,0.0,57.0,'4/23,26.73,0.0,13.0,0.0,-9.7
FJ Klaassen,2021-2022,Netherlands,98.8,Medium,Manchester Originals,85.0,13,5.66,0.0,115.0,'5/19,25.77,1.0,40.0,0.0,-20.1
JC Buttler,2021-2025,England,147.0,,Manchester Originals,12613.0,124,35.62,8.0,0.0,0,0.0,0.0,263.0,45.0,0.0
JM Clarke,2021-2021,Perth Scorchers,144.3,,Manchester Originals,5269.0,136,25.82,4.0,0.0,0,0.0,0.0,84.0,6.0,0.0
LH Ferguson,2021-2021,New Zealand,116.2,Fast,Manchester Originals,288.0,30,11.07,0.0,218.0,'5/21,22.31,1.0,48.0,0.0,-11.23
LJ Evans,2021-2021,Perth Scorchers,138.3,Medium,Manchester Originals,6961.0,118*,30.0,3.0,1.0,'1/5,35.0,0.0,138.0,1.0,-4.99
MW Parkinson,2021-2022,England,79.5,Legbreak,Manchester Originals,81.0,18,4.5,0.0,155.0,'4/9,18.89,0.0,14.0,0.0,-14.39
PD Salt,2021-2025,England,155.9,Offbreak,Manchester Originals,6918.0,119,27.12,3.0,0.0,0,0.0,0.0,154.0,14.0,0.0
SR Hain,2021-2021,Brisbane Heat,134.1,Offbreak,Manchester Originals,4576.0,112*,38.77,1.0,0.0,0,0.0,0.0,79.0,0.0,0.0
ST Finn,2021-2021,England,82.4,Medium,Manchester Originals,79.0,11*,8.77,0.0,176.0,'5/16,22.43,1.0,43.0,0.0,-13.65
TA Lammonby,2021-2022,Hobart Hurricanes,141.2,Medium,Manchester Originals,904.0,90,18.83,0.0,15.0,'2/32,30.53,0.0,44.0,0.0,-11.69
TW Hartley,2021-2025,Manchester Originals (Men),121.3,Orthodox,Manchester Originals,273.0,39,11.37,0.0,73.0,'4/16,26.41,0.0,35.0,0.0,-15.03
AD Russell,2022-2022,West Indies,167.6,Fast,Manchester Originals,9175.0,121*,26.51,2.0,474.0,'5/15,25.53,1.0,225.0,0.0,0.98
AJ Turner,2022-2023,Australia,140.6,Offbreak,Manchester Originals,3443.0,84*,25.31,0.0,34.0,'3/20,24.5,0.0,85.0,0.0,0.81
C Munro,2022-2023,New Zealand,140.1,Medium,Manchester Originals,11223.0,114*,30.16,5.0,31.0,'4/15,32.8,0.0,131.0,0.0,-2.63
JB Little,2022-2023,Ireland,82.3,Fast,Manchester Originals,220.0,27*,12.94,0.0,160.0,'5/13,23.41,1.0,47.0,0.0,-10.47
JM Clarke,2022-2024,Perth Scorchers,144.3,,Manchester Originals,5269.0,136,25.82,4.0,0.0,0,0.0,0.0,84.0,6.0,0.0
LJ Evans,2022-2023,Perth Scorchers,138.3,Medium,Manchester Originals,6961.0,118*,30.0,3.0,1.0,'1/5,35.0,0.0,138.0,1.0,-4.99
MT Stanley,2022-2022,Manchester Originals (Men),76.9,Medium,Manchester Originals,10.0,7,5.0,0.0,12.0,'2/24,27.75,0.0,0.0,0.0,-22.74
PI Walter,2022-2024,Brisbane Heat,140.1,Medium,Manchester Originals,2094.0,78,19.94,0.0,105.0,'3/20,25.2,0.0,78.0,0.0,-5.26
RJ Gleeson,2022-2023,England,70.8,Medium,Manchester Originals,57.0,8,5.18,0.0,129.0,'5/33,23.76,1.0,21.0,0.0,-18.58
SA Abbott,2022-2022,Australia,118.9,Medium,Manchester Originals,929.0,110*,11.91,1.0,250.0,'5/16,20.88,2.0,100.0,0.0,-8.97
SR Hain,2022-2022,Brisbane Heat,134.1,Offbreak,Manchester Originals,4576.0,112*,38.77,1.0,0.0,0,0.0,0.0,79.0,0.0,0.0
T Stubbs,2022-2022,South Africa,144.2,Offbreak,Manchester Originals,2829.0,80*,32.51,0.0,11.0,'2/6,29.9,0.0,78.0,3.0,2.6
WL Madsen,2022-2024,Italy,138.4,Offbreak,Manchester Originals,4965.0,109*,30.64,2.0,22.0,'2/20,36.81,0.0,80.0,0.0,-6.17
BA Raine,2023-2023,Otago,131.0,Medium,Manchester Originals,1391.0,113,18.54,1.0,132.0,'5/21,24.11,1.0,25.0,0.0,-5.56
CN Ackermann,2023-2023,Netherlands,125.1,Offbreak,Manchester Originals,4311.0,90*,26.28,0.0,93.0,'7/18,27.86,1.0,91.0,0.0,-1.57
J Overton,2023-2024,England,157.5,Fast,Manchester Originals,1601.0,83*,21.06,0.0,118.0,'5/47,27.64,1.0,87.0,0.0,-6.57
JC Tongue,2023-2025,Manchester Originals (Men),75.0,Medium,Manchester Originals,4.0,2*,4.0,0.0,15.0,'3/32,26.46,0.0,5.0,0.0,-22.46
LH Ferguson,2023-2023,New Zealand,116.2,Fast,Manchester Originals,288.0,30,11.07,0.0,218.0,'5/21,22.31,1.0,48.0,0.0,-11.23
MDE Holden,2023-2024,Dubai Capitals,142.5,Offbreak,Manchester Originals,2030.0,121*,26.71,2.0,0.0,0,0.0,0.0,29.0,0.0,0.0
SR Hain,2023-2025,Brisbane Heat,134.1,Offbreak,Manchester Originals,4576.0,112*,38.77,1.0,0.0,0,0.0,0.0,79.0,0.0,0.0
Usama Mir,2023-2024,Pakistan,129.4,Legbreak,Manchester Originals,488.0,39,8.71,0.0,171.0,'6/40,23.31,1.0,57.0,0.0,-14.6
Zaman Khan,2023-2023,Pakistan,74.0,Medium,Manchester Originals,75.0,9*,7.5,0.0,131.0,'4/16,24.3,0.0,22.0,0.0,-16.8
AD Russell,2024-2024,West Indies,167.6,Fast,Manchester Originals,9175.0,121*,26.51,2.0,474.0,'5/15,25.53,1.0,225.0,0.0,0.98
CG Harrison,2024-2025,Manchester Originals (Men),113.8,Legbreak,Manchester Originals,227.0,23,10.31,0.0,53.0,'5/11,22.45,1.0,29.0,0.0,-12.13
Fazalhaq Farooqi,2024-2024,Afghanistan,59.3,Medium,Manchester Originals,46.0,16*,6.57,0.0,154.0,'5/9,19.81,4.0,16.0,0.0,-13.24
J Hull,2024-2024,Manchester Originals (Men),105.7,Medium,Manchester Originals,26.0,12*,13.0,0.0,24.0,'3/28,27.04,0.0,4.0,0.0,-14.04
JB Little,2024-2024,Ireland,82.3,Fast,Manchester Originals,220.0,27*,12.94,0.0,160.0,'5/13,23.41,1.0,47.0,0.0,-10.47
LJ Evans,2024-2025,Perth Scorchers,138.3,Medium,Manchester Originals,6961.0,118*,30.0,3.0,1.0,'1/5,35.0,0.0,138.0,1.0,-4.99
MF Hurst,2024-2025,Perth Scorchers,127.2,,Manchester Originals,441.0,78,22.05,0.0,0.0,0,0.0,0.0,11.0,1.0,0.0
RJ Gleeson,2024-2025,England,70.8,Medium,Manchester Originals,57.0,8,5.18,0.0,129.0,'5/33,23.76,1.0,21.0,0.0,-18.58
SA Abbott,2024-2024,Australia,118.9,Medium,Manchester Originals,929.0,110*,11.91,1.0,250.0,'5/16,20.88,2.0,100.0,0.0,-8.97
SW Currie,2024-2025,Manchester Originals (Men),120.9,Medium,Manchester Originals,82.0,26*,13.66,0.0,55.0,'4/24,20.2,0.0,17.0,0.0,-6.53
Sikandar Raza,2024-2024,Zimbabwe,136.3,Offbreak,Manchester Originals,5985.0,133*,26.25,1.0,178.0,'5/18,27.01,1.0,121.0,0.0,-0.76
TA Lammonby,2024-2024,Hobart Hurricanes,141.2,Medium,Manchester Originals,904.0,90,18.83,0.0,15.0,'2/32,30.53,0.0,44.0,0.0,-11.69
TH Aspinwall,2024-2025,Manchester Originals (Men),128.9,Medium,Manchester Originals,27.0,18*,13.5,0.0,5.0,'4/18,32.4,0.0,1.0,0.0,-18.89
AJ Turner,2025-2025,Australia,140.6,Offbreak,Manchester Originals,3443.0,84*,25.31,0.0,34.0,'3/20,24.5,0.0,85.0,0.0,0.81
J Hull,2025-2025,Manchester Originals (Men),105.7,Medium,Manchester Originals,26.0,12*,13.0,0.0,24.0,'3/28,27.04,0.0,4.0,0.0,-14.04
J Overton,2025-2025,England,157.5,Fast,Manchester Originals,1601.0,83*,21.06,0.0,118.0,'5/47,27.64,1.0,87.0,0.0,-6.57
JM Clarke,2025-2025,Perth Scorchers,144.3,,Manchester Originals,5269.0,136,25.82,4.0,0.0,0,0.0,0.0,84.0,6.0,0.0
LH Ferguson,2025-2025,New Zealand,116.2,Fast,Manchester Originals,288.0,30,11.07,0.0,218.0,'5/21,22.31,1.0,48.0,0.0,-11.23
MDE Holden,2025-2025,Dubai Capitals,142.5,Offbreak,Manchester Originals,2030.0,121*,26.71,2.0,0.0,0,0.0,0.0,29.0,0.0,0.0
PI Walter,2025-2025,Brisbane Heat,140.1,Medium,Manchester Originals,2094.0,78,19.94,0.0,105.0,'3/20,25.2,0.0,78.0,0.0,-5.26
WL Madsen,2025-2025,Italy,138.4,Offbreak,Manchester Originals,4965.0,109*,30.64,2.0,22.0,'2/20,36.81,0.0,80.0,0.0,-6.17
A Lyth,2021-2023,Perth Scorchers,144.8,Medium,Northern Superchargers,4817.0,161,24.82,1.0,25.0,'5/31,27.36,1.0,102.0,0.0,-2.53
AU Rashid,2021-2025,England,108.0,Legbreak,Northern Superchargers,970.0,36*,11.41,0.0,362.0,'4/2,22.76,0.0,84.0,0.0,-11.35
BA Carse,2021-2023,England,139.7,Fast,Northern Superchargers,783.0,58,17.02,0.0,53.0,'3/23,35.32,0.0,33.0,0.0,-18.29
BA Raine,2021-2022,Otago,131.0,Medium,Northern Superchargers,1391.0,113,18.54,1.0,132.0,'5/21,24.11,1.0,25.0,0.0,-5.56
BA Stokes,2021-2024,England,136.4,Medium,Northern Superchargers,3027.0,107*,24.41,2.0,93.0,'4/16,30.91,0.0,74.0,0.0,-6.5
CA Lynn,2021-2021,Australia,143.8,Orthodox,Northern Superchargers,8304.0,113*,32.43,5.0,3.0,'2/15,31.0,0.0,72.0,0.0,1.43
CF Parkinson,2021-2024,Northern Superchargers (Men),90.7,Orthodox,Northern Superchargers,317.0,27*,11.32,0.0,148.0,'4/20,22.03,0.0,22.0,0.0,-10.71
D Wiese,2021-2021,South Africa,141.5,Medium,Northern Superchargers,4464.0,79*,23.01,0.0,324.0,'5/19,25.82,7.0,146.0,0.0,-2.81
DJ Vilas,2021-2021,Cape Cobras,131.4,,Northern Superchargers,4235.0,75*,28.04,0.0,0.0,0,0.0,0.0,116.0,30.0,0.0
DJ Willey,2021-2022,England,135.9,Medium,Northern Superchargers,4286.0,118,22.32,2.0,333.0,'4/7,23.32,0.0,145.0,0.0,-1.0
DY Pennington,2021-2021,Birmingham Phoenix (Men),80.0,Medium,Northern Superchargers,68.0,10*,7.55,0.0,55.0,'4/9,28.76,0.0,19.0,0.0,-21.2
HC Brook,2021-2025,England,150.4,Medium,Northern Superchargers,3449.0,105*,32.84,3.0,1.0,'1/13,26.0,0.0,90.0,0.0,6.84
J Clark,2021-2025,Oval Invincibles (Men),126.7,Medium,Northern Superchargers,1211.0,60,20.18,0.0,75.0,'4/22,29.01,0.0,45.0,0.0,-8.82
JA Simpson,2021-2022,Northern Superchargers (Men),131.1,,Northern Superchargers,2859.0,84*,21.65,0.0,0.0,0,0.0,0.0,94.0,30.0,0.0
JA Thompson,2021-2021,Hobart Hurricanes,153.8,Medium,Northern Superchargers,1087.0,74,16.72,0.0,119.0,'5/21,24.76,1.0,40.0,0.0,-8.04
MD Fisher,2021-2021,Northern Superchargers (Men),129.8,Medium,Northern Superchargers,61.0,19,8.71,0.0,46.0,'5/22,27.1,1.0,12.0,0.0,-18.39
MJ Potts,2021-2025,England,124.1,Medium,Northern Superchargers,203.0,40*,16.91,0.0,63.0,'3/8,26.2,0.0,19.0,0.0,-9.28
Mujeeb Ur Rahman,2021-2021,Afghanistan,104.2,Offbreak,Northern Superchargers,357.0,34,8.3,0.0,276.0,'5/15,23.68,2.0,47.0,0.0,-15.38
PR Brown,2021-2021,England,69.8,Medium,Northern Superchargers,64.0,10*,8.0,0.0,127.0,'4/21,23.88,0.0,32.0,0.0,-15.88
RE van der Merwe,2021-2021,South Africa,134.9,Orthodox,Northern Superchargers,3075.0,89*,21.35,0.0,328.0,'6/20,24.08,2.0,149.0,0.0,-2.73
RJW Topley,2021-2022,England,96.2,Medium,Northern Superchargers,117.0,14*,11.7,0.0,230.0,'4/20,23.2,0.0,38.0,0.0,-11.5
T Banton,2021-2022,England,141.9,,Northern Superchargers,4232.0,107*,27.66,4.0,0.0,0,0.0,0.0,90.0,10.0,0.0
T Kohler-Cadmore,2021-2021,Sydney Thunder,141.3,Offbreak,Northern Superchargers,5766.0,127,28.12,1.0,0.0,0,0.0,0.0,115.0,3.0,0.0
Wahab Riaz,2021-2021,Pakistan,127.5,Fast,Northern Superchargers,1700.0,53,13.49,0.0,413.0,'5/8,22.63,3.0,101.0,0.0,-9.14
AJ Hose,2022-2024,Adelaide Strikers,141.1,Medium,Northern Superchargers,3916.0,119,28.79,2.0,0.0,0,0.0,0.0,79.0,0.0,0.0
BJ Dwarshuis,2022-2022,Australia,143.3,Medium,Northern Superchargers,845.0,66,18.36,0.0,183.0,'5/21,23.36,2.0,34.0,0.0,-4.99
CN Miles,2022-2022,Northern Superchargers (Men),81.3,Medium,Northern Superchargers,58.0,11*,7.25,0.0,67.0,'4/29,23.82,0.0,34.0,0.0,-16.57
D Wiese,2022-2023,South Africa,141.5,Medium,Northern Superchargers,4464.0,79*,23.01,0.0,324.0,'5/19,25.82,7.0,146.0,0.0,-2.81
DJ Bravo,2022-2022,West Indies,126.3,Medium,Northern Superchargers,6970.0,70*,22.33,0.0,631.0,'5/23,24.4,2.0,275.0,0.0,-2.06
F du Plessis,2022-2022,South Africa,139.2,Legbreak,Northern Superchargers,11404.0,120*,32.58,6.0,50.0,'5/19,18.34,2.0,206.0,0.0,14.24
JA Thompson,2022-2023,Hobart Hurricanes,153.8,Medium,Northern Superchargers,1087.0,74,16.72,0.0,119.0,'5/21,24.76,1.0,40.0,0.0,-8.04
MS Pepper,2022-2025,Abu Dhabi Knight Riders,150.1,,Northern Superchargers,2237.0,120*,26.63,2.0,0.0,0,0.0,0.0,36.0,2.0,0.0
PR Brown,2022-2022,England,69.8,Medium,Northern Superchargers,64.0,10*,8.0,0.0,127.0,'4/21,23.88,0.0,32.0,0.0,-15.88
RE van der Merwe,2022-2022,South Africa,134.9,Orthodox,Northern Superchargers,3075.0,89*,21.35,0.0,328.0,'6/20,24.08,2.0,149.0,0.0,-2.73
T Kohler-Cadmore,2022-2023,Sydney Thunder,141.3,Offbreak,Northern Superchargers,5766.0,127,28.12,1.0,0.0,0,0.0,0.0,115.0,3.0,0.0
WD Parnell,2022-2023,South Africa,114.8,Medium,Northern Superchargers,2200.0,99,18.48,0.0,317.0,'5/30,25.4,1.0,71.0,0.0,-6.91
Wahab Riaz,2022-2022,Pakistan,127.5,Fast,Northern Superchargers,1700.0,53,13.49,0.0,413.0,'5/8,22.63,3.0,101.0,0.0,-9.14
BA Raine,2023-2023,Otago,131.0,Medium,Northern Superchargers,1391.0,113,18.54,1.0,132.0,'5/21,24.11,1.0,25.0,0.0,-5.56
DJ Willey,2023-2024,England,135.9,Medium,Northern Superchargers,4286.0,118,22.32,2.0,333.0,'4/7,23.32,0.0,145.0,0.0,-1.0
MD Fisher,2023-2023,Northern Superchargers (Men),129.8,Medium,Northern Superchargers,61.0,19,8.71,0.0,46.0,'5/22,27.1,1.0,12.0,0.0,-18.39
MJ Santner,2023-2023,New Zealand,129.7,Orthodox,Northern Superchargers,2374.0,92*,22.82,0.0,220.0,'4/11,24.43,0.0,86.0,0.0,-1.6
MS Pepper,2023-2024,Abu Dhabi Knight Riders,150.1,,Northern Superchargers,2237.0,120*,26.63,2.0,0.0,0,0.0,0.0,36.0,2.0,0.0
MW Short,2023-2024,Australia,147.2,Offbreak,Northern Superchargers,2982.0,109,26.62,2.0,48.0,'5/22,30.18,1.0,71.0,0.0,-3.56
RE van der Merwe,2023-2023,South Africa,134.9,Orthodox,Northern Superchargers,3075.0,89*,21.35,0.0,328.0,'6/20,24.08,2.0,149.0,0.0,-2.73
RJW Topley,2023-2024,England,96.2,Medium,Northern Superchargers,117.0,14*,11.7,0.0,230.0,'4/20,23.2,0.0,38.0,0.0,-11.5
SA Zaib,2023-2023,Northern Superchargers (Men),144.8,Orthodox,Northern Superchargers,1266.0,92,25.32,0.0,12.0,'3/12,33.5,0.0,35.0,0.0,-8.17
T Banton,2023-2023,England,141.9,,Northern Superchargers,4232.0,107*,27.66,4.0,0.0,0,0.0,0.0,90.0,10.0,0.0
A Lyth,2024-2024,Perth Scorchers,144.8,Medium,Northern Superchargers,4817.0,161,24.82,1.0,25.0,'5/31,27.36,1.0,102.0,0.0,-2.53
BJ Dwarshuis,2024-2024,Australia,143.3,Medium,Northern Superchargers,845.0,66,18.36,0.0,183.0,'5/21,23.36,2.0,34.0,0.0,-4.99
DY Pennington,2024-2024,Birmingham Phoenix (Men),80.0,Medium,Northern Superchargers,68.0,10*,7.55,0.0,55.0,'4/9,28.76,0.0,19.0,0.0,-21.2
G Clark,2024-2025,Chittagong Kings,144.5,Legbreak,Northern Superchargers,3156.0,102*,25.45,2.0,0.0,0,0.0,0.0,43.0,0.0,0.0
J Clark,2024-2024,Oval Invincibles (Men),126.7,Medium,Northern Superchargers,1211.0,60,20.18,0.0,75.0,'4/22,29.01,0.0,45.0,0.0,-8.82
JA Thompson,2024-2024,Hobart Hurricanes,153.8,Medium,Northern Superchargers,1087.0,74,16.72,0.0,119.0,'5/21,24.76,1.0,40.0,0.0,-8.04
MA Jones,2024-2024,Scotland,131.8,Offbreak,Northern Superchargers,1082.0,86,24.04,0.0,0.0,0,0.0,0.0,18.0,0.0,0.0
MJ Santner,2024-2025,New Zealand,129.7,Orthodox,Northern Superchargers,2374.0,92*,22.82,0.0,220.0,'4/11,24.43,0.0,86.0,0.0,-1.6
N Pooran,2024-2024,West Indies,149.6,,Northern Superchargers,9052.0,102*,29.29,3.0,0.0,0,0.0,0.0,230.0,35.0,0.0
OG Robinson,2024-2024,Gulf Giants,126.2,,Northern Superchargers,163.0,31,9.58,0.0,63.0,'4/15,27.36,0.0,24.0,0.0,-17.77
PR Brown,2024-2024,England,69.8,Medium,Northern Superchargers,64.0,10*,8.0,0.0,127.0,'4/21,23.88,0.0,32.0,0.0,-15.88
T Banton,2024-2025,England,141.9,,Northern Superchargers,4232.0,107*,27.66,4.0,0.0,0,0.0,0.0,90.0,10.0,0.0
T Kohler-Cadmore,2024-2025,Sydney Thunder,141.3,Offbreak,Northern Superchargers,5766.0,127,28.12,1.0,0.0,0,0.0,0.0,115.0,3.0,0.0
TE Lawes,2024-2025,Northern Superchargers (Men),66.1,Medium,Northern Superchargers,29.0,12,7.25,0.0,8.0,'2/17,50.0,0.0,7.0,0.0,-42.74
AJ Hose,2025-2025,Adelaide Strikers,141.1,Medium,Northern Superchargers,3916.0,119,28.79,2.0,0.0,0,0.0,0.0,79.0,0.0,0.0
CF Parkinson,2025-2025,Northern Superchargers (Men),90.7,Orthodox,Northern Superchargers,317.0,27*,11.32,0.0,148.0,'4/20,22.03,0.0,22.0,0.0,-10.71
DJ Willey,2025-2025,England,135.9,Medium,Northern Superchargers,4286.0,118,22.32,2.0,333.0,'4/7,23.32,0.0,145.0,0.0,-1.0
DY Pennington,2025-2025,Birmingham Phoenix (Men),80.0,Medium,Northern Superchargers,68.0,10*,7.55,0.0,55.0,'4/9,28.76,0.0,19.0,0.0,-21.2
JA Simpson,2025-2025,Northern Superchargers (Men),131.1,,Northern Superchargers,2859.0,84*,21.65,0.0,0.0,0,0.0,0.0,94.0,30.0,0.0
JA Thompson,2025-2025,Hobart Hurricanes,153.8,Medium,Northern Superchargers,1087.0,74,16.72,0.0,119.0,'5/21,24.76,1.0,40.0,0.0,-8.04
RJW Topley,2025-2025,England,96.2,Medium,Northern Superchargers,117.0,14*,11.7,0.0,230.0,'4/20,23.2,0.0,38.0,0.0,-11.5
SA Zaib,2025-2025,Northern Superchargers (Men),144.8,Orthodox,Northern Superchargers,1266.0,92,25.32,0.0,12.0,'3/12,33.5,0.0,35.0,0.0,-8.17
AJ Blake,2021-2021,Dhaka Dominators,136.6,Medium,Oval Invincibles,2257.0,71*,20.51,0.0,1.0,'1/17,96.0,0.0,89.0,0.0,-75.48
CA Ingram,2021-2021,South Africa,140.9,,Oval Invincibles,8672.0,127*,28.52,4.0,40.0,'4/32,32.97,0.0,118.0,0.0,-4.44
DJ Malan,2021-2023,England,131.8,Legbreak,Oval Invincibles,9925.0,117,33.3,5.0,23.0,'2/10,31.39,0.0,126.0,0.0,1.91
DR Briggs,2021-2025,England,127.8,Orthodox,Oval Invincibles,291.0,35*,11.19,0.0,290.0,'5/19,21.37,1.0,48.0,0.0,-10.18
J Clark,2021-2025,Oval Invincibles (Men),126.7,Medium,Oval Invincibles,1211.0,60,20.18,0.0,75.0,'4/22,29.01,0.0,45.0,0.0,-8.82
JDS Neesham,2021-2021,New Zealand,140.9,Medium,Oval Invincibles,4198.0,97*,23.71,0.0,238.0,'5/22,25.29,1.0,117.0,0.0,-1.58
JJ Roy,2021-2023,England,140.0,,Oval Invincibles,9974.0,145*,27.25,6.0,1.0,'1/23,39.0,0.0,183.0,0.0,-11.74
LJ Evans,2021-2021,Perth Scorchers,138.3,Medium,Oval Invincibles,6961.0,118*,30.0,3.0,1.0,'1/5,35.0,0.0,138.0,1.0,-4.99
ME Milnes,2021-2021,Welsh Fire (Men),140.2,Medium,Oval Invincibles,64.0,14*,8.0,0.0,45.0,'5/22,30.68,1.0,13.0,0.0,-22.68
Mohammad Amir,2021-2021,Pakistan,103.4,Fast,Oval Invincibles,431.0,30,7.18,0.0,374.0,'6/17,22.44,2.0,40.0,0.0,-15.25
NA Sowter,2021-2025,Guyana Amazon Warriors,111.5,Legbreak,Oval Invincibles,246.0,37*,9.11,0.0,160.0,'5/15,22.66,1.0,54.0,0.0,-13.55
PR Brown,2021-2021,England,69.8,Medium,Oval Invincibles,64.0,10*,8.0,0.0,127.0,'4/21,23.88,0.0,32.0,0.0,-15.88
PR Stirling,2021-2022,Ireland,141.4,Offbreak,Oval Invincibles,8599.0,119,24.85,3.0,77.0,'4/10,28.48,0.0,103.0,0.0,-3.62
RA Whiteley,2021-2022,Brisbane Heat,136.2,Medium,Oval Invincibles,3364.0,91*,22.57,0.0,10.0,'3/23,31.6,0.0,86.0,0.0,-9.02
RJW Topley,2021-2022,England,96.2,Medium,Oval Invincibles,117.0,14*,11.7,0.0,230.0,'4/20,23.2,0.0,38.0,0.0,-11.5
S Mahmood,2021-2025,England,75.0,Medium,Oval Invincibles,0.0,0,0.0,0.0,0.0,'0,0.0,0.0,0.0,0.0,
SM Curran,2021-2025,England,137.5,Medium,Oval Invincibles,4185.0,102*,23.77,1.0,255.0,'5/10,29.13,4.0,105.0,0.0,-5.35
SP Narine,2021-2023,West Indies,148.8,Offbreak,Oval Invincibles,4591.0,109,15.61,1.0,584.0,'5/19,21.76,1.0,120.0,0.0,-6.15
SW Billings,2021-2025,England,134.3,,Oval Invincibles,6997.0,106,24.21,1.0,0.0,0,0.0,0.0,223.0,31.0,0.0
T Shamsi,2021-2021,South Africa,51.5,Chinaman,Oval Invincibles,88.0,15*,4.19,0.0,328.0,'5/24,22.51,1.0,39.0,0.0,-18.32
TA Lammonby,2021-2022,Hobart Hurricanes,141.2,Medium,Oval Invincibles,904.0,90,18.83,0.0,15.0,'2/32,30.53,0.0,44.0,0.0,-11.69
TK Curran,2021-2025,England,143.5,Medium,Oval Invincibles,2144.0,67*,21.87,0.0,237.0,'4/22,25.34,0.0,63.0,0.0,-3.46
WG Jacks,2021-2025,England,155.6,Offbreak,Oval Invincibles,5285.0,108*,28.11,4.0,69.0,'4/15,22.52,0.0,92.0,0.0,5.58
A Zampa,2022-2022,Australia,86.5,Legbreak,Oval Invincibles,309.0,23,6.18,0.0,363.0,'6/19,21.72,3.0,42.0,0.0,-15.54
DR Briggs,2022-2023,England,127.8,Orthodox,Oval Invincibles,291.0,35*,11.19,0.0,290.0,'5/19,21.37,1.0,48.0,0.0,-10.18
HWR Cartwright,2022-2022,Perth Scorchers,130.0,Medium,Oval Invincibles,2287.0,79,27.89,0.0,4.0,'2/34,52.0,0.0,58.0,0.0,-24.1
JA Haynes,2022-2022,Oval Invincibles (Men),139.4,Offbreak,Oval Invincibles,990.0,63,21.52,0.0,0.0,0,0.0,0.0,13.0,0.0,0.0
JM Cox,2022-2025,England,142.8,,Oval Invincibles,2801.0,94,28.29,0.0,0.0,0,0.0,0.0,89.0,7.0,0.0
LJ Evans,2022-2023,Perth Scorchers,138.3,Medium,Oval Invincibles,6961.0,118*,30.0,3.0,1.0,'1/5,35.0,0.0,138.0,1.0,-4.99
ME Milnes,2022-2022,Welsh Fire (Men),140.2,Medium,Oval Invincibles,64.0,14*,8.0,0.0,45.0,'5/22,30.68,1.0,13.0,0.0,-22.68
Mohammad Hasnain,2022-2022,Pakistan,83.6,Medium,Oval Invincibles,113.0,22,7.06,0.0,138.0,'4/25,27.51,0.0,15.0,0.0,-20.45
P Hatzoglou,2022-2022,Melbourne Renegades,104.9,Legbreak,Oval Invincibles,85.0,15,17.0,0.0,63.0,'3/14,29.49,0.0,19.0,0.0,-12.49
PR Brown,2022-2022,England,69.8,Medium,Oval Invincibles,64.0,10*,8.0,0.0,127.0,'4/21,23.88,0.0,32.0,0.0,-15.88
RR Rossouw,2022-2022,South Africa,147.9,Offbreak,Oval Invincibles,9305.0,121,29.63,9.0,3.0,'1/3,10.66,0.0,157.0,0.0,18.96
T Shamsi,2022-2022,South Africa,51.5,Chinaman,Oval Invincibles,88.0,15*,4.19,0.0,328.0,'5/24,22.51,1.0,39.0,0.0,-18.32
A Zampa,2023-2025,Australia,86.5,Legbreak,Oval Invincibles,309.0,23,6.18,0.0,363.0,'6/19,21.72,3.0,42.0,0.0,-15.54
AAP Atkinson,2023-2025,England,93.1,Medium,Oval Invincibles,98.0,14,8.9,0.0,72.0,'4/20,21.26,0.0,16.0,0.0,-12.35
H Klaasen,2023-2023,South Africa,155.2,,Oval Invincibles,5458.0,104*,31.54,2.0,1.0,'1/12,68.0,0.0,122.0,34.0,-36.45
JDS Neesham,2023-2023,New Zealand,140.9,Medium,Oval Invincibles,4198.0,97*,23.71,0.0,238.0,'5/22,25.29,1.0,117.0,0.0,-1.58
PR Stirling,2023-2023,Ireland,141.4,Offbreak,Oval Invincibles,8599.0,119,24.85,3.0,77.0,'4/10,28.48,0.0,103.0,0.0,-3.62
RA Whiteley,2023-2023,Brisbane Heat,136.2,Medium,Oval Invincibles,3364.0,91*,22.57,0.0,10.0,'3/23,31.6,0.0,86.0,0.0,-9.02
RJW Topley,2023-2024,England,96.2,Medium,Oval Invincibles,117.0,14*,11.7,0.0,230.0,'4/20,23.2,0.0,38.0,0.0,-11.5
SH Johnson,2023-2024,Australia,111.0,Fast,Oval Invincibles,90.0,27,8.18,0.0,85.0,'5/26,22.94,1.0,19.0,0.0,-14.75
TS Muyeye,2023-2025,Melbourne Renegades,141.4,,Oval Invincibles,721.0,73,18.97,0.0,0.0,0,0.0,0.0,18.0,0.0,0.0
ZJ Chappell,2023-2023,Rangpur Riders,133.5,Medium,Oval Invincibles,165.0,18*,10.31,0.0,81.0,'5/23,20.83,1.0,14.0,0.0,-10.52
D Ferreira,2024-2025,South Africa,173.2,Offbreak,Oval Invincibles,1779.0,82*,26.95,0.0,19.0,'3/23,25.73,0.0,57.0,8.0,1.21
DJ Malan,2024-2024,England,131.8,Legbreak,Oval Invincibles,9925.0,117,33.3,5.0,23.0,'2/10,31.39,0.0,126.0,0.0,1.91
J Clark,2024-2024,Oval Invincibles (Men),126.7,Medium,Oval Invincibles,1211.0,60,20.18,0.0,75.0,'4/22,29.01,0.0,45.0,0.0,-8.82
LJ Evans,2024-2025,Perth Scorchers,138.3,Medium,Oval Invincibles,6961.0,118*,30.0,3.0,1.0,'1/5,35.0,0.0,138.0,1.0,-4.99
Mohammad Amir,2024-2024,Pakistan,103.4,Fast,Oval Invincibles,431.0,30,7.18,0.0,374.0,'6/17,22.44,2.0,40.0,0.0,-15.25
PR Brown,2024-2024,England,69.8,Medium,Oval Invincibles,64.0,10*,8.0,0.0,127.0,'4/21,23.88,0.0,32.0,0.0,-15.88
RA Whiteley,2024-2024,Brisbane Heat,136.2,Medium,Oval Invincibles,3364.0,91*,22.57,0.0,10.0,'3/23,31.6,0.0,86.0,0.0,-9.02
TA Lammonby,2024-2024,Hobart Hurricanes,141.2,Medium,Oval Invincibles,904.0,90,18.83,0.0,15.0,'2/32,30.53,0.0,44.0,0.0,-11.69
DJ Malan,2025-2025,England,131.8,Legbreak,Oval Invincibles,9925.0,117,33.3,5.0,23.0,'2/10,31.39,0.0,126.0,0.0,1.91
H Klaasen,2025-2025,South Africa,155.2,,Oval Invincibles,5458.0,104*,31.54,2.0,1.0,'1/12,68.0,0.0,122.0,34.0,-36.45
HWR Cartwright,2025-2025,Perth Scorchers,130.0,Medium,Oval Invincibles,2287.0,79,27.89,0.0,4.0,'2/34,52.0,0.0,58.0,0.0,-24.1
JJ Roy,2025-2025,England,140.0,,Oval Invincibles,9974.0,145*,27.25,6.0,1.0,'1/23,39.0,0.0,183.0,0.0,-11.74
Mohammad Amir,2025-2025,Pakistan,103.4,Fast,Oval Invincibles,431.0,30,7.18,0.0,374.0,'6/17,22.44,2.0,40.0,0.0,-15.25
RA Whiteley,2025-2025,Brisbane Heat,136.2,Medium,Oval Invincibles,3364.0,91*,22.57,0.0,10.0,'3/23,31.6,0.0,86.0,0.0,-9.02
RJW Topley,2025-2025,England,96.2,Medium,Oval Invincibles,117.0,14*,11.7,0.0,230.0,'4/20,23.2,0.0,38.0,0.0,-11.5
AL Davies,2021-2024,Southern Brave (Men),133.4,,Southern Brave,3042.0,94*,23.76,0.0,0.0,0,0.0,0.0,88.0,28.0,0.0
C Overton,2021-2025,MI Emirates,133.1,Medium,Southern Brave,508.0,42,14.51,0.0,120.0,'4/25,25.92,0.0,80.0,0.0,-11.41
C de Grandhomme,2021-2021,New Zealand,143.9,Medium,Southern Brave,4110.0,86,22.96,0.0,81.0,'3/4,39.13,0.0,103.0,0.0,-16.17
CJ Jordan,2021-2025,England,134.2,Medium,Southern Brave,2380.0,73,17.12,0.0,419.0,'4/6,27.39,0.0,201.0,0.0,-10.26
CN Ackermann,2021-2022,Netherlands,125.1,Offbreak,Southern Brave,4311.0,90*,26.28,0.0,93.0,'7/18,27.86,1.0,91.0,0.0,-1.57
DMW Rawlins,2021-2021,Bermuda,144.7,Orthodox,Southern Brave,1809.0,91,25.84,0.0,54.0,'4/10,21.37,0.0,53.0,0.0,4.47
DP Conway,2021-2023,New Zealand,132.7,Medium,Southern Brave,6394.0,105*,40.98,2.0,3.0,'1/10,47.0,0.0,91.0,9.0,-6.01
DR Briggs,2021-2025,England,127.8,Orthodox,Southern Brave,291.0,35*,11.19,0.0,290.0,'5/19,21.37,1.0,48.0,0.0,-10.18
FH Allen,2021-2021,New Zealand,173.1,,Southern Brave,4029.0,137,28.37,3.0,0.0,0,0.0,0.0,68.0,2.0,0.0
GHS Garton,2021-2023,England,134.6,Fast,Southern Brave,675.0,46,15.34,0.0,88.0,'4/16,26.14,0.0,26.0,0.0,-10.8
JB Lintott,2021-2022,Fortune Barishal,105.5,Chinaman,Southern Brave,236.0,41,10.26,0.0,105.0,'4/20,22.59,0.0,41.0,0.0,-12.32
JL du Plooy,2021-2022,Dubai Capitals,138.0,Orthodox,Southern Brave,3609.0,92,29.58,0.0,14.0,'4/15,21.57,0.0,71.0,0.0,8.01
JM Vince,2021-2025,England,137.3,Medium,Southern Brave,11941.0,129*,32.18,7.0,3.0,'1/5,29.0,0.0,232.0,0.0,3.18
LA Dawson,2021-2021,England,121.4,Orthodox,Southern Brave,2817.0,82,17.94,0.0,237.0,'5/17,25.95,1.0,115.0,0.0,-8.01
LJ Evans,2021-2021,Perth Scorchers,138.3,Medium,Southern Brave,6961.0,118*,30.0,3.0,1.0,'1/5,35.0,0.0,138.0,1.0,-4.99
MD Fisher,2021-2021,Northern Superchargers (Men),129.8,Medium,Southern Brave,61.0,19,8.71,0.0,46.0,'5/22,27.1,1.0,12.0,0.0,-18.39
PR Stirling,2021-2022,Ireland,141.4,Offbreak,Southern Brave,8599.0,119,24.85,3.0,77.0,'4/10,28.48,0.0,103.0,0.0,-3.62
Q de Kock,2021-2022,South Africa,137.7,,Southern Brave,10831.0,140*,31.48,7.0,0.0,0,0.0,0.0,267.0,57.0,0.0
RA Whiteley,2021-2022,Brisbane Heat,136.2,Medium,Southern Brave,3364.0,91*,22.57,0.0,10.0,'3/23,31.6,0.0,86.0,0.0,-9.02
TH David,2021-2023,Singapore,161.9,Offbreak,Southern Brave,5338.0,92*,30.32,0.0,15.0,'1/0,64.06,0.0,158.0,0.0,-33.73
TS Mills,2021-2025,England,105.9,Fast,Southern Brave,160.0,27,5.71,0.0,289.0,'4/13,23.23,0.0,38.0,0.0,-17.52
D Moriarty,2022-2022,Southern Brave (Men),88.5,Orthodox,Southern Brave,41.0,9*,10.25,0.0,46.0,'4/25,26.93,0.0,4.0,0.0,-16.68
DR Briggs,2022-2023,England,127.8,Orthodox,Southern Brave,291.0,35*,11.19,0.0,290.0,'5/19,21.37,1.0,48.0,0.0,-10.18
JK Fuller,2022-2023,Fortune Barishal,140.2,Fast,Southern Brave,1893.0,57,20.13,0.0,173.0,'6/28,25.84,1.0,81.0,0.0,-5.7
KA Pollard,2022-2022,West Indies,149.9,Medium,Southern Brave,13537.0,104,31.33,1.0,326.0,'4/15,24.95,0.0,384.0,0.0,6.37
LA Dawson,2022-2025,England,121.4,Orthodox,Southern Brave,2817.0,82,17.94,0.0,237.0,'5/17,25.95,1.0,115.0,0.0,-8.01
LJ Evans,2022-2023,Perth Scorchers,138.3,Medium,Southern Brave,6961.0,118*,30.0,3.0,1.0,'1/5,35.0,0.0,138.0,1.0,-4.99
MG Hogan,2022-2022,Hobart Hurricanes,98.8,Medium,Southern Brave,84.0,17*,8.4,0.0,154.0,'5/17,23.21,2.0,52.0,0.0,-14.81
MP Stoinis,2022-2022,Australia,137.1,Medium,Southern Brave,6510.0,147*,29.86,2.0,158.0,'4/15,27.17,0.0,77.0,0.0,2.69
Rehan Ahmed,2022-2024,England,123.3,Legbreak,Southern Brave,450.0,49,13.23,0.0,59.0,'4/22,29.71,0.0,14.0,0.0,-16.47
S Baker,2022-2022,England,28.6,Medium,Southern Brave,0.0,0,0.0,0.0,0.0,'0,0.0,0.0,0.0,0.0,
CN Ackermann,2023-2023,Netherlands,125.1,Offbreak,Southern Brave,4311.0,90*,26.28,0.0,93.0,'7/18,27.86,1.0,91.0,0.0,-1.57
FH Allen,2023-2023,New Zealand,173.1,,Southern Brave,4029.0,137,28.37,3.0,0.0,0,0.0,0.0,68.0,2.0,0.0
JJ Weatherley,2023-2023,Hampshire,129.1,Offbreak,Southern Brave,1830.0,71,28.15,0.0,0.0,0,0.0,0.0,30.0,0.0,0.0
JL du Plooy,2023-2025,Dubai Capitals,138.0,Orthodox,Southern Brave,3609.0,92,29.58,0.0,14.0,'4/15,21.57,0.0,71.0,0.0,8.01
MD Fisher,2023-2023,Northern Superchargers (Men),129.8,Medium,Southern Brave,61.0,19,8.71,0.0,46.0,'5/22,27.1,1.0,12.0,0.0,-18.39
MJ Santner,2023-2023,New Zealand,129.7,Orthodox,Southern Brave,2374.0,92*,22.82,0.0,220.0,'4/11,24.43,0.0,86.0,0.0,-1.6
PR Stirling,2023-2023,Ireland,141.4,Offbreak,Southern Brave,8599.0,119,24.85,3.0,77.0,'4/10,28.48,0.0,103.0,0.0,-3.62
RA Whiteley,2023-2023,Brisbane Heat,136.2,Medium,Southern Brave,3364.0,91*,22.57,0.0,10.0,'3/23,31.6,0.0,86.0,0.0,-9.02
ADS Fletcher,2024-2024,West Indies,124.4,Medium,Southern Brave,7914.0,103*,28.46,3.0,3.0,'2/22,26.33,0.0,162.0,23.0,2.13
AJ Hosein,2024-2024,West Indies,110.9,Orthodox,Southern Brave,941.0,44*,15.42,0.0,188.0,'5/11,25.5,1.0,44.0,0.0,-10.07
DP Hughes,2024-2024,Sydney Sixers,130.8,Medium,Southern Brave,3006.0,96*,29.76,0.0,0.0,0,0.0,0.0,37.0,0.0,0.0
JC Archer,2024-2025,England,138.3,Fast,Southern Brave,708.0,36,14.44,0.0,214.0,'4/18,23.94,0.0,49.0,0.0,-9.49
JK Fuller,2024-2024,Fortune Barishal,140.2,Fast,Southern Brave,1893.0,57,20.13,0.0,173.0,'6/28,25.84,1.0,81.0,0.0,-5.7
JM Coles,2024-2025,Southern Brave (Men),145.1,Orthodox,Southern Brave,520.0,69*,24.76,0.0,22.0,'4/12,25.22,0.0,18.0,0.0,-0.46
KA Pollard,2024-2024,West Indies,149.9,Medium,Southern Brave,13537.0,104,31.33,1.0,326.0,'4/15,24.95,0.0,384.0,0.0,6.37
LJ Evans,2024-2025,Perth Scorchers,138.3,Medium,Southern Brave,6961.0,118*,30.0,3.0,1.0,'1/5,35.0,0.0,138.0,1.0,-4.99
MJ Santner,2024-2025,New Zealand,129.7,Orthodox,Southern Brave,2374.0,92*,22.82,0.0,220.0,'4/11,24.43,0.0,86.0,0.0,-1.6
RA Whiteley,2024-2024,Brisbane Heat,136.2,Medium,Southern Brave,3364.0,91*,22.57,0.0,10.0,'3/23,31.6,0.0,86.0,0.0,-9.02
AJ Hosein,2025-2025,West Indies,110.9,Orthodox,Southern Brave,941.0,44*,15.42,0.0,188.0,'5/11,25.5,1.0,44.0,0.0,-10.07
GHS Garton,2025-2025,England,134.6,Fast,Southern Brave,675.0,46,15.34,0.0,88.0,'4/16,26.14,0.0,26.0,0.0,-10.8
MP Stoinis,2025-2025,Australia,137.1,Medium,Southern Brave,6510.0,147*,29.86,2.0,158.0,'4/15,27.17,0.0,77.0,0.0,2.69
RA Whiteley,2025-2025,Brisbane Heat,136.2,Medium,Southern Brave,3364.0,91*,22.57,0.0,10.0,'3/23,31.6,0.0,86.0,0.0,-9.02
Rehan Ahmed,2025-2025,England,123.3,Legbreak,Southern Brave,450.0,49,13.23,0.0,59.0,'4/22,29.71,0.0,14.0,0.0,-16.47
S Baker,2025-2025,England,28.6,Medium,Southern Brave,0.0,0,0.0,0.0,0.0,'0,0.0,0.0,0.0,0.0,
A Lyth,2021-2023,Perth Scorchers,144.8,Medium,Trent Rockets,4817.0,161,24.82,1.0,25.0,'5/31,27.36,1.0,102.0,0.0,-2.53
AD Hales,2021-2024,England,146.0,Medium,Trent Rockets,13610.0,119*,30.04,7.0,0.0,0,0.0,0.0,236.0,0.0,0.0
C Munro,2021-2021,New Zealand,140.1,Medium,Trent Rockets,11223.0,114*,30.16,5.0,31.0,'4/15,32.8,0.0,131.0,0.0,-2.63
CG Harrison,2021-2023,Manchester Originals (Men),113.8,Legbreak,Trent Rockets,227.0,23,10.31,0.0,53.0,'5/11,22.45,1.0,29.0,0.0,-12.13
DJ Malan,2021-2023,England,131.8,Legbreak,Trent Rockets,9925.0,117,33.3,5.0,23.0,'2/10,31.39,0.0,126.0,0.0,1.91
DJM Short,2021-2021,Australia,130.5,Chinaman,Trent Rockets,4850.0,122*,32.33,2.0,65.0,'5/21,32.61,1.0,68.0,0.0,-0.28
IA Cockbain,2021-2021,Adelaide Strikers,133.1,Medium,Trent Rockets,3869.0,123,31.97,1.0,0.0,0,0.0,0.0,75.0,0.0,0.0
JA Thompson,2021-2021,Hobart Hurricanes,153.8,Medium,Trent Rockets,1087.0,74,16.72,0.0,119.0,'5/21,24.76,1.0,40.0,0.0,-8.04
JE Root,2021-2025,England,130.9,Offbreak,Trent Rockets,2823.0,92*,32.44,0.0,34.0,'2/7,28.64,0.0,54.0,0.0,3.8
L Gregory,2021-2024,England,140.8,Medium,Trent Rockets,2762.0,76*,20.3,0.0,197.0,'5/24,25.35,1.0,102.0,0.0,-5.04
L Wood,2021-2024,England,115.8,Medium,Trent Rockets,392.0,33*,10.31,0.0,174.0,'5/50,26.58,1.0,57.0,0.0,-16.27
LJ Fletcher,2021-2021,Welsh Fire (Men),114.2,Medium,Trent Rockets,185.0,27,6.85,0.0,120.0,'5/32,25.46,2.0,12.0,0.0,-18.61
M Carter,2021-2023,Trent Rockets (Men),106.2,Offbreak,Trent Rockets,168.0,23*,9.88,0.0,71.0,'3/14,26.54,0.0,29.0,0.0,-16.66
M de Lange,2021-2021,South Africa,129.8,Fast,Trent Rockets,420.0,28*,11.05,0.0,166.0,'5/20,26.01,1.0,40.0,0.0,-14.95
SJ Cook,2021-2025,Joburg Super Kings,95.6,Fast,Trent Rockets,47.0,18,5.87,0.0,92.0,'4/15,25.81,0.0,23.0,0.0,-19.94
SJ Mullaney,2021-2021,Trent Rockets (Men),141.4,Medium,Trent Rockets,1802.0,79,17.16,0.0,133.0,'4/19,28.18,0.0,96.0,0.0,-11.01
SR Hain,2021-2021,Brisbane Heat,134.1,Offbreak,Trent Rockets,4576.0,112*,38.77,1.0,0.0,0,0.0,0.0,79.0,0.0,0.0
SR Patel,2021-2023,England,125.8,Orthodox,Trent Rockets,6673.0,90*,24.62,0.0,352.0,'4/5,26.05,0.0,113.0,0.0,-1.43
T Banton,2021-2022,England,141.9,,Trent Rockets,4232.0,107*,27.66,4.0,0.0,0,0.0,0.0,90.0,10.0,0.0
T Kohler-Cadmore,2021-2021,Sydney Thunder,141.3,Offbreak,Trent Rockets,5766.0,127,28.12,1.0,0.0,0,0.0,0.0,115.0,3.0,0.0
T Shamsi,2021-2021,South Africa,51.5,Chinaman,Trent Rockets,88.0,15*,4.19,0.0,328.0,'5/24,22.51,1.0,39.0,0.0,-18.32
T van der Gugten,2021-2021,Netherlands,138.6,Medium,Trent Rockets,555.0,48,14.23,0.0,159.0,'5/21,22.61,1.0,36.0,0.0,-8.37
TJ Moores,2021-2025,Sylhet Strikers,136.2,,Trent Rockets,2311.0,80*,23.34,0.0,0.0,0,0.0,0.0,72.0,23.0,0.0
Wahab Riaz,2021-2021,Pakistan,127.5,Fast,Trent Rockets,1700.0,53,13.49,0.0,413.0,'5/8,22.63,3.0,101.0,0.0,-9.14
C Munro,2022-2023,New Zealand,140.1,Medium,Trent Rockets,11223.0,114*,30.16,5.0,31.0,'4/15,32.8,0.0,131.0,0.0,-2.63
DR Sams,2022-2023,Australia,151.6,Medium,Trent Rockets,1964.0,98*,16.78,0.0,218.0,'5/30,24.46,1.0,70.0,0.0,-7.68
IA Cockbain,2022-2022,Adelaide Strikers,133.1,Medium,Trent Rockets,3869.0,123,31.97,1.0,0.0,0,0.0,0.0,75.0,0.0,0.0
IS Sodhi,2022-2022,New Zealand,106.3,Legbreak,Trent Rockets,469.0,51,8.22,0.0,310.0,'6/11,24.58,1.0,69.0,0.0,-16.35
JA Thompson,2022-2023,Hobart Hurricanes,153.8,Medium,Trent Rockets,1087.0,74,16.72,0.0,119.0,'5/21,24.76,1.0,40.0,0.0,-8.04
LJ Fletcher,2022-2022,Welsh Fire (Men),114.2,Medium,Trent Rockets,185.0,27,6.85,0.0,120.0,'5/32,25.46,2.0,12.0,0.0,-18.61
SR Hain,2022-2022,Brisbane Heat,134.1,Offbreak,Trent Rockets,4576.0,112*,38.77,1.0,0.0,0,0.0,0.0,79.0,0.0,0.0
T Kohler-Cadmore,2022-2023,Sydney Thunder,141.3,Offbreak,Trent Rockets,5766.0,127,28.12,1.0,0.0,0,0.0,0.0,115.0,3.0,0.0
T Shamsi,2022-2022,South Africa,51.5,Chinaman,Trent Rockets,88.0,15*,4.19,0.0,328.0,'5/24,22.51,1.0,39.0,0.0,-18.32
T van der Gugten,2022-2022,Netherlands,138.6,Medium,Trent Rockets,555.0,48,14.23,0.0,159.0,'5/21,22.61,1.0,36.0,0.0,-8.37
Wahab Riaz,2022-2022,Pakistan,127.5,Fast,Trent Rockets,1700.0,53,13.49,0.0,413.0,'5/8,22.63,3.0,101.0,0.0,-9.14
IS Sodhi,2023-2023,New Zealand,106.3,Legbreak,Trent Rockets,469.0,51,8.22,0.0,310.0,'6/11,24.58,1.0,69.0,0.0,-16.35
Imad Wasim,2023-2024,Pakistan,124.1,Orthodox,Trent Rockets,4115.0,92*,21.88,0.0,356.0,'5/14,24.43,2.0,106.0,0.0,-2.54
JA Turner,2023-2024,England,60.0,Medium,Trent Rockets,8.0,3*,8.0,0.0,43.0,'4/23,17.55,0.0,4.0,0.0,-9.55
SR Hain,2023-2025,Brisbane Heat,134.1,Offbreak,Trent Rockets,4576.0,112*,38.77,1.0,0.0,0,0.0,0.0,79.0,0.0,0.0
T Banton,2023-2023,England,141.9,,Trent Rockets,4232.0,107*,27.66,4.0,0.0,0,0.0,0.0,90.0,10.0,0.0
A Lyth,2024-2024,Perth Scorchers,144.8,Medium,Trent Rockets,4817.0,161,24.82,1.0,25.0,'5/31,27.36,1.0,102.0,0.0,-2.53
CG Harrison,2024-2025,Manchester Originals (Men),113.8,Legbreak,Trent Rockets,227.0,23,10.31,0.0,53.0,'5/11,22.45,1.0,29.0,0.0,-12.13
CJ Green,2024-2024,Australia,137.8,Offbreak,Trent Rockets,1673.0,50,16.24,0.0,203.0,'5/32,27.15,1.0,134.0,0.0,-10.9
DJ Malan,2024-2024,England,131.8,Legbreak,Trent Rockets,9925.0,117,33.3,5.0,23.0,'2/10,31.39,0.0,126.0,0.0,1.91
JA Thompson,2024-2024,Hobart Hurricanes,153.8,Medium,Trent Rockets,1087.0,74,16.72,0.0,119.0,'5/21,24.76,1.0,40.0,0.0,-8.04
OE Robinson,2024-2024,Northern Superchargers (Men),117.8,Medium,Trent Rockets,163.0,31,9.58,0.0,63.0,'4/15,27.36,0.0,24.0,0.0,-17.77
R Powell,2024-2024,West Indies,141.4,Medium,Trent Rockets,4838.0,107,24.55,1.0,26.0,'2/21,45.03,0.0,140.0,0.0,-20.48
T Banton,2024-2025,England,141.9,,Trent Rockets,4232.0,107*,27.66,4.0,0.0,0,0.0,0.0,90.0,10.0,0.0
T Kohler-Cadmore,2024-2025,Sydney Thunder,141.3,Offbreak,Trent Rockets,5766.0,127,28.12,1.0,0.0,0,0.0,0.0,115.0,3.0,0.0
TP Alsop,2024-2025,Brisbane Heat,130.8,,Trent Rockets,1950.0,87*,28.26,0.0,0.0,0,0.0,0.0,32.0,4.0,0.0
CJ Green,2025-2025,Australia,137.8,Offbreak,Trent Rockets,1673.0,50,16.24,0.0,203.0,'5/32,27.15,1.0,134.0,0.0,-10.9
DJ Malan,2025-2025,England,131.8,Legbreak,Trent Rockets,9925.0,117,33.3,5.0,23.0,'2/10,31.39,0.0,126.0,0.0,1.91
IS Sodhi,2025-2025,New Zealand,106.3,Legbreak,Trent Rockets,469.0,51,8.22,0.0,310.0,'6/11,24.58,1.0,69.0,0.0,-16.35
Imad Wasim,2025-2025,Pakistan,124.1,Orthodox,Trent Rockets,4115.0,92*,21.88,0.0,356.0,'5/14,24.43,2.0,106.0,0.0,-2.54
JA Thompson,2025-2025,Hobart Hurricanes,153.8,Medium,Trent Rockets,1087.0,74,16.72,0.0,119.0,'5/21,24.76,1.0,40.0,0.0,-8.04
L Gregory,2025-2025,England,140.8,Medium,Trent Rockets,2762.0,76*,20.3,0.0,197.0,'5/24,25.35,1.0,102.0,0.0,-5.04
L Wood,2025-2025,England,115.8,Medium,Trent Rockets,392.0,33*,10.31,0.0,174.0,'5/50,26.58,1.0,57.0,0.0,-16.27
SR Patel,2025-2025,England,125.8,Orthodox,Trent Rockets,6673.0,90*,24.62,0.0,352.0,'4/5,26.05,0.0,113.0,0.0,-1.43
BM Duckett,2021-2022,England,140.6,Offbreak,Welsh Fire,5159.0,96,30.89,0.0,0.0,0,0.0,0.0,98.0,2.0,0.0
DA Payne,2021-2025,Perth Scorchers,114.3,Medium,Welsh Fire,234.0,28,7.09,0.0,249.0,'5/24,21.63,1.0,43.0,0.0,-14.53
DJ Willey,2021-2022,England,135.9,Medium,Welsh Fire,4286.0,118,22.32,2.0,333.0,'4/7,23.32,0.0,145.0,0.0,-1.0
DL Lloyd,2021-2021,Welsh Fire (Men),132.6,Medium,Welsh Fire,1947.0,97*,24.03,0.0,6.0,'2/13,31.16,0.0,20.0,0.0,-7.12
GD Phillips,2021-2024,New Zealand,140.0,Offbreak,Welsh Fire,6624.0,116*,31.39,5.0,25.0,'3/6,32.4,0.0,137.0,10.0,-1.0
GG White,2021-2021,Welsh Fire (Men),138.9,Orthodox,Welsh Fire,486.0,37*,14.29,0.0,121.0,'5/22,27.12,1.0,58.0,0.0,-12.82
IA Cockbain,2021-2021,Adelaide Strikers,133.1,Medium,Welsh Fire,3869.0,123,31.97,1.0,0.0,0,0.0,0.0,75.0,0.0,0.0
JDS Neesham,2021-2021,New Zealand,140.9,Medium,Welsh Fire,4198.0,97*,23.71,0.0,238.0,'5/22,25.29,1.0,117.0,0.0,-1.58
JJ Cobb,2021-2022,Dhaka Gladiators,131.9,Offbreak,Welsh Fire,4262.0,103,23.81,1.0,78.0,'5/25,32.43,1.0,98.0,0.0,-8.62
JL du Plooy,2021-2022,Dubai Capitals,138.0,Orthodox,Welsh Fire,3609.0,92,29.58,0.0,14.0,'4/15,21.57,0.0,71.0,0.0,8.01
JM Bairstow,2021-2025,England,141.8,,Welsh Fire,5385.0,114,30.59,4.0,0.0,0,0.0,0.0,121.0,16.0,0.0
JM Clarke,2021-2021,Perth Scorchers,144.3,,Welsh Fire,5269.0,136,25.82,4.0,0.0,0,0.0,0.0,84.0,6.0,0.0
JT Ball,2021-2024,England,78.8,Medium,Welsh Fire,63.0,18*,6.3,0.0,177.0,'4/11,22.41,0.0,34.0,0.0,-16.11
LE Plunkett,2021-2021,England,130.3,Medium,Welsh Fire,825.0,41,14.22,0.0,151.0,'5/31,27.58,1.0,44.0,0.0,-13.36
LH Ferguson,2021-2021,New Zealand,116.2,Fast,Welsh Fire,288.0,30,11.07,0.0,218.0,'5/21,22.31,1.0,48.0,0.0,-11.23
LJ Fletcher,2021-2021,Welsh Fire (Men),114.2,Medium,Welsh Fire,185.0,27,6.85,0.0,120.0,'5/32,25.46,2.0,12.0,0.0,-18.61
ME Milnes,2021-2021,Welsh Fire (Men),140.2,Medium,Welsh Fire,64.0,14*,8.0,0.0,45.0,'5/22,30.68,1.0,13.0,0.0,-22.68
MJJ Critchley,2021-2022,Melbourne Renegades,123.1,Legbreak,Welsh Fire,1973.0,80*,21.44,0.0,120.0,'5/28,24.73,1.0,43.0,0.0,-3.28
MS Crane,2021-2023,England,95.5,Legbreak,Welsh Fire,153.0,19,21.85,0.0,118.0,'4/24,23.43,0.0,29.0,0.0,-1.57
Qais Ahmad,2021-2021,Afghanistan,127.6,Legbreak,Welsh Fire,679.0,50*,12.34,0.0,190.0,'5/18,23.27,1.0,58.0,0.0,-10.93
RA Whiteley,2021-2022,Brisbane Heat,136.2,Medium,Welsh Fire,3364.0,91*,22.57,0.0,10.0,'3/23,31.6,0.0,86.0,0.0,-9.02
RE van der Merwe,2021-2021,South Africa,134.9,Orthodox,Welsh Fire,3075.0,89*,21.35,0.0,328.0,'6/20,24.08,2.0,149.0,0.0,-2.73
RF Higgins,2021-2022,Welsh Fire (Men),132.9,Medium,Welsh Fire,2095.0,77*,24.36,0.0,93.0,'5/13,25.74,1.0,39.0,0.0,-1.38
SR Hain,2021-2021,Brisbane Heat,134.1,Offbreak,Welsh Fire,4576.0,112*,38.77,1.0,0.0,0,0.0,0.0,79.0,0.0,0.0
T Banton,2021-2022,England,141.9,,Welsh Fire,4232.0,107*,27.66,4.0,0.0,0,0.0,0.0,90.0,10.0,0.0
T Kohler-Cadmore,2021-2021,Sydney Thunder,141.3,Offbreak,Welsh Fire,5766.0,127,28.12,1.0,0.0,0,0.0,0.0,115.0,3.0,0.0
TB Abell,2021-2021,Brisbane Heat,133.5,Medium,Welsh Fire,3277.0,101*,30.06,1.0,2.0,'1/11,50.0,0.0,84.0,0.0,-19.93
A Zampa,2022-2022,Australia,86.5,Legbreak,Welsh Fire,309.0,23,6.18,0.0,363.0,'6/19,21.72,3.0,42.0,0.0,-15.54
D Pretorius,2022-2022,South Africa,138.4,Medium,Welsh Fire,2781.0,77*,19.72,0.0,223.0,'5/17,24.67,1.0,53.0,0.0,-4.94
DA Miller,2022-2022,South Africa,137.5,Offbreak,Welsh Fire,11343.0,120*,35.11,4.0,0.0,0,0.0,0.0,319.0,1.0,0.0
GLS Scrimshaw,2022-2022,Welsh Fire (Men),63.0,Medium,Welsh Fire,25.0,6*,25.0,0.0,70.0,'3/16,22.25,0.0,5.0,0.0,2.74
IA Cockbain,2022-2022,Adelaide Strikers,133.1,Medium,Welsh Fire,3869.0,123,31.97,1.0,0.0,0,0.0,0.0,75.0,0.0,0.0
IS Sodhi,2022-2022,New Zealand,106.3,Legbreak,Welsh Fire,469.0,51,8.22,0.0,310.0,'6/11,24.58,1.0,69.0,0.0,-16.35
JB Little,2022-2023,Ireland,82.3,Fast,Welsh Fire,220.0,27*,12.94,0.0,160.0,'5/13,23.41,1.0,47.0,0.0,-10.47
JG Bethell,2022-2022,England,140.7,Orthodox,Welsh Fire,1194.0,87,24.87,0.0,11.0,'2/5,26.9,0.0,34.0,0.0,-2.03
JM Clarke,2022-2024,Perth Scorchers,144.3,,Welsh Fire,5269.0,136,25.82,4.0,0.0,0,0.0,0.0,84.0,6.0,0.0
LJ Fletcher,2022-2022,Welsh Fire (Men),114.2,Medium,Welsh Fire,185.0,27,6.85,0.0,120.0,'5/32,25.46,2.0,12.0,0.0,-18.61
ME Milnes,2022-2022,Welsh Fire (Men),140.2,Medium,Welsh Fire,64.0,14*,8.0,0.0,45.0,'5/22,30.68,1.0,13.0,0.0,-22.68
Noor Ahmad,2022-2022,Afghanistan,95.8,Chinaman,Welsh Fire,185.0,20,6.16,0.0,170.0,'5/11,21.97,1.0,37.0,0.0,-15.8
OJ Pope,2022-2022,Adelaide Strikers,131.5,,Welsh Fire,1505.0,99*,27.36,0.0,0.0,0,0.0,0.0,29.0,3.0,0.0
RE van der Merwe,2022-2022,South Africa,134.9,Orthodox,Welsh Fire,3075.0,89*,21.35,0.0,328.0,'6/20,24.08,2.0,149.0,0.0,-2.73
SR Hain,2022-2022,Brisbane Heat,134.1,Offbreak,Welsh Fire,4576.0,112*,38.77,1.0,0.0,0,0.0,0.0,79.0,0.0,0.0
T Kohler-Cadmore,2022-2023,Sydney Thunder,141.3,Offbreak,Welsh Fire,5766.0,127,28.12,1.0,0.0,0,0.0,0.0,115.0,3.0,0.0
A Zampa,2023-2025,Australia,86.5,Legbreak,Welsh Fire,309.0,23,6.18,0.0,363.0,'6/19,21.72,3.0,42.0,0.0,-15.54
BGF Green,2023-2023,Welsh Fire (Men),137.7,Medium,Welsh Fire,630.0,47,19.09,0.0,85.0,'5/29,20.62,2.0,26.0,0.0,-1.53
BM Duckett,2023-2025,England,140.6,Offbreak,Welsh Fire,5159.0,96,30.89,0.0,0.0,0,0.0,0.0,98.0,2.0,0.0
DJ Willey,2023-2024,England,135.9,Medium,Welsh Fire,4286.0,118,22.32,2.0,333.0,'4/7,23.32,0.0,145.0,0.0,-1.0
Haris Rauf,2023-2024,Pakistan,108.8,Fast,Welsh Fire,313.0,19,6.95,0.0,303.0,'5/27,22.51,1.0,62.0,0.0,-15.56
IS Sodhi,2023-2023,New Zealand,106.3,Legbreak,Welsh Fire,469.0,51,8.22,0.0,310.0,'6/11,24.58,1.0,69.0,0.0,-16.35
JDS Neesham,2023-2023,New Zealand,140.9,Medium,Welsh Fire,4198.0,97*,23.71,0.0,238.0,'5/22,25.29,1.0,117.0,0.0,-1.58
JG Bethell,2023-2025,England,140.7,Orthodox,Welsh Fire,1194.0,87,24.87,0.0,11.0,'2/5,26.9,0.0,34.0,0.0,-2.03
JL du Plooy,2023-2025,Dubai Capitals,138.0,Orthodox,Welsh Fire,3609.0,92,29.58,0.0,14.0,'4/15,21.57,0.0,71.0,0.0,8.01
LH Ferguson,2023-2023,New Zealand,116.2,Fast,Welsh Fire,288.0,30,11.07,0.0,218.0,'5/21,22.31,1.0,48.0,0.0,-11.23
LWP Wells,2023-2025,Lahore Qalandars,142.1,Legbreak,Welsh Fire,1049.0,66,18.08,0.0,37.0,'2/19,31.56,0.0,29.0,0.0,-13.48
MJ Henry,2023-2025,New Zealand,143.9,Medium,Welsh Fire,589.0,44,12.8,0.0,178.0,'5/18,23.7,1.0,62.0,0.0,-10.89
MJJ Critchley,2023-2024,Melbourne Renegades,123.1,Legbreak,Welsh Fire,1973.0,80*,21.44,0.0,120.0,'5/28,24.73,1.0,43.0,0.0,-3.28
RA Whiteley,2023-2023,Brisbane Heat,136.2,Medium,Welsh Fire,3364.0,91*,22.57,0.0,10.0,'3/23,31.6,0.0,86.0,0.0,-9.02
RE van der Merwe,2023-2023,South Africa,134.9,Orthodox,Welsh Fire,3075.0,89*,21.35,0.0,328.0,'6/20,24.08,2.0,149.0,0.0,-2.73
SR Hain,2023-2025,Brisbane Heat,134.1,Offbreak,Welsh Fire,4576.0,112*,38.77,1.0,0.0,0,0.0,0.0,79.0,0.0,0.0
SS Eskinazi,2023-2025,Perth Scorchers,139.2,,Welsh Fire,3173.0,102*,31.41,1.0,0.0,0,0.0,0.0,49.0,0.0,0.0
Shaheen Shah Afridi,2023-2023,Pakistan,132.7,Medium,Welsh Fire,773.0,55,12.46,0.0,300.0,'6/19,21.38,5.0,54.0,0.0,-8.91
T Banton,2023-2023,England,141.9,,Welsh Fire,4232.0,107*,27.66,4.0,0.0,0,0.0,0.0,90.0,10.0,0.0
TB Abell,2023-2025,Brisbane Heat,133.5,Medium,Welsh Fire,3277.0,101*,30.06,1.0,2.0,'1/11,50.0,0.0,84.0,0.0,-19.93
JB Little,2024-2024,Ireland,82.3,Fast,Welsh Fire,220.0,27*,12.94,0.0,160.0,'5/13,23.41,1.0,47.0,0.0,-10.47
MS Crane,2024-2024,England,95.5,Legbreak,Welsh Fire,153.0,19,21.85,0.0,118.0,'4/24,23.43,0.0,29.0,0.0,-1.57
OJ Pope,2024-2025,Adelaide Strikers,131.5,,Welsh Fire,1505.0,99*,27.36,0.0,0.0,0,0.0,0.0,29.0,3.0,0.0
RA Whiteley,2024-2024,Brisbane Heat,136.2,Medium,Welsh Fire,3364.0,91*,22.57,0.0,10.0,'3/23,31.6,0.0,86.0,0.0,-9.02
RF Higgins,2024-2025,Welsh Fire (Men),132.9,Medium,Welsh Fire,2095.0,77*,24.36,0.0,93.0,'5/13,25.74,1.0,39.0,0.0,-1.38
T Banton,2024-2025,England,141.9,,Welsh Fire,4232.0,107*,27.66,4.0,0.0,0,0.0,0.0,90.0,10.0,0.0
T Kohler-Cadmore,2024-2025,Sydney Thunder,141.3,Offbreak,Welsh Fire,5766.0,127,28.12,1.0,0.0,0,0.0,0.0,115.0,3.0,0.0
DA Miller,2025-2025,South Africa,137.5,Offbreak,Welsh Fire,11343.0,120*,35.11,4.0,0.0,0,0.0,0.0,319.0,1.0,0.0
DJ Willey,2025-2025,England,135.9,Medium,Welsh Fire,4286.0,118,22.32,2.0,333.0,'4/7,23.32,0.0,145.0,0.0,-1.0
IS Sodhi,2025-2025,New Zealand,106.3,Legbreak,Welsh Fire,469.0,51,8.22,0.0,310.0,'6/11,24.58,1.0,69.0,0.0,-16.35
JM Clarke,2025-2025,Perth Scorchers,144.3,,Welsh Fire,5269.0,136,25.82,4.0,0.0,0,0.0,0.0,84.0,6.0,0.0
LH Ferguson,2025-2025,New Zealand,116.2,Fast,Welsh Fire,288.0,30,11.07,0.0,218.0,'5/21,22.31,1.0,48.0,0.0,-11.23
Noor Ahmad,2025-2025,Afghanistan,95.8,Chinaman,Welsh Fire,185.0,20,6.16,0.0,170.0,'5/11,21.97,1.0,37.0,0.0,-15.8
RA Whiteley,2025-2025,Brisbane Heat,136.2,Medium,Welsh Fire,3364.0,91*,22.57,0.0,10.0,'3/23,31.6,0.0,86.0,0.0,-9.02
Rashid Khan,2021-2024,Afghanistan,142.2,Legbreak,,,,,,,,,,,,
GL van Buuren,2022-2022,Birmingham Phoenix (Men),135.5,Orthodox,,,,,,,,,,,,
AS Dale,2025-2025,Welsh Fire (Men),55.6,Medium,,,,,,,,,,,,
BI Kellaway,2025-2025,Welsh Fire (Men),138.2,Offbreak,,,,,,,,,,,,
BS McKinney,2025-2025,Manchester Originals (Men),104.3,Offbreak,,,,,,,,,,,,
BW Sanderson,2025-2025,Trent Rockets (Men),88.3,Medium,,,,,,,,,,,,
DA Warner,2025-2025,Australia,139.9,Legbreak,,,,,,,,,,,,
Farhan Ahmed,2025-2025,United Arab Emirates,70.6,Orthodox,,,,,,,,,,,,
GF Linde,2025-2025,South Africa,139.5,Orthodox,,,,,,,,,,,,
JA Chohan,2025-2025,Sydney Sixers,99.0,Legbreak,,,,,,,,,,,,
JA Duffy,2025-2025,New Zealand,123.7,Medium,,,,,,,,,,,,
JM Anderson,2025-2025,England,47.4,Medium,,,,,,,,,,,,
JP Behrendorff,2025-2025,Australia,103.5,Medium,,,,,,,,,,,,
KS Williamson,2025-2025,New Zealand,125.3,Offbreak,,,,,,,,,,,,
LA Patterson-White,2025-2025,Birmingham Phoenix (Men),132.3,Orthodox,,,,,,,,,,,,
MG Bracewell,2025-2025,New Zealand,140.5,Offbreak,,,,,,,,,,,,
MS Chapman,2025-2025,Hong Kong,135.8,Orthodox,,,,,,,,,,,,
OB Cox,2025-2025,Otago,129.2,,,,,,,,,,,,,
R Ravindra,2025-2025,New Zealand,139.4,Orthodox,,,,,,,,,,,,
RP Meredith,2025-2025,Australia,98.2,Medium,,,,,,,,,,,,
Rashid Khan,2025-2025,Afghanistan,142.2,Legbreak,,,,,,,,,,,,
SPD Smith,2025-2025,Australia,130.6,Legbreak,,,,,,,,,,,,
SR Dickson,2025-2025,London Spirit (Men),140.8,Medium,,,,,,,,,,,,
TA Boult,2025-2025,New Zealand,116.7,Medium,,,,,,,,,,,,
TE Albert,2025-2025,Hampshire,136.7,,,,,,,,,,,,,
